Clase;Grupo;"Cuenta Mayor";Auxiliar;"Sub cuentas del Aux";"Sub cuentas de sub cuenta Aux";Clasificación;"Nombre de la Cuenta"
6;0;0;000;00;00;Clase;"CUENTAS DE RESULTADO DE EGRESOS"
6;1;0;000;00;00;Grupo;Gastos
6;1;1;000;00;00;"Cuenta Mayor";"Gastos de Operación"
6;1;1;001;00;00;Auxiliar;"Sueldos a empleados"
6;1;1;002;00;00;Auxiliar;"Provisionamiento 13avo"
6;1;1;003;00;00;Auxiliar;"Provisionamiento 14avo"
6;1;1;004;00;00;Auxiliar;"Comisiones a vendedores"
6;1;1;005;00;00;Auxiliar;"Seguro social"
6;1;1;006;00;00;Auxiliar;"Alquiler del Local"
6;1;1;007;00;00;Auxiliar;"Energia electrica"
6;1;1;008;00;00;Auxiliar;"Agua "
6;1;1;009;00;00;Auxiliar;"Plan de Telefono"
6;1;1;010;00;00;Auxiliar;"Publicidad "
6;1;1;011;00;00;Auxiliar;"Combustibles y Lubricantes"
6;1;1;012;00;00;Auxiliar;"Reparacion de Vehiculo "
6;1;1;013;00;00;Auxiliar;"Mantenimiento preventivo Vehiculo"
6;1;1;014;00;00;Auxiliar;"Gastos de Viaje"
6;1;1;015;00;00;Auxiliar;"Consumo de papeleria"
6;1;1;016;00;00;Auxiliar;"Seguro de mercaderia"
6;1;1;017;00;00;Auxiliar;"Gasto por entrega de mercaderia a Cliente"
6;1;1;018;00;00;Auxiliar;"Impuesto sobre volumen de Ventas"
6;1;1;019;00;00;Auxiliar;"Depreciacion Equipo de Reparto"
6;1;1;020;00;00;Auxiliar;"Depreciacion Mobiliario y equipo"
6;1;1;021;00;00;Auxiliar;"Equipo menor"
6;1;1;022;00;00;Auxiliar;"Gastos Varios "
6;1;2;000;00;00;"Cuenta Mayor";"Gastos de Venta"
6;1;2;001;00;00;Auxiliar;"Sueldos a empleados"
6;1;2;001;01;00;"Sub cuentas del Aux";"Sueldos a empleados KM MOTOS"
6;1;2;001;01;01;"Sub cuentas de sub cuenta Aux";"Sueldos a empleados KM MOTOS COMAYAGUA"
6;1;2;001;01;02;"Sub cuentas de sub cuenta Aux";"Sueldos a empleados KM MOTOS COMAYAGÜELA"
6;1;2;001;01;03;"Sub cuentas de sub cuenta Aux";"Sueldos a empleados KM MOTOS CATACAMAS - OLANCHO"
6;1;2;001;01;04;"Sub cuentas de sub cuenta Aux";"Sueldos a empleados KM MOTOS JUTIAPA"
6;1;2;001;01;05;"Sub cuentas de sub cuenta Aux";"Sueldos a empleados KM MOTOS JUTICALPA"
6;1;2;001;01;06;"Sub cuentas de sub cuenta Aux";"Sueldos a empleados KM MOTOS RUTA #5"
6;1;2;001;01;07;"Sub cuentas de sub cuenta Aux";"Sueldos a empleados KM MOTOS RUTA #1"
6;1;2;001;01;08;"Sub cuentas de sub cuenta Aux";"Sueldos a empleados KM MOTOS RUTA #2"
6;1;2;001;01;09;"Sub cuentas de sub cuenta Aux";"Sueldos a empleados KM MOTOS RUTA #3"
6;1;2;001;01;10;"Sub cuentas de sub cuenta Aux";"Sueldos a empleados BODEGA 2 - KM MOTOS"
6;1;2;001;01;11;"Sub cuentas de sub cuenta Aux";"Sueldos a empleados CENTRO DE DISTRIBUCION KM MOTOS"
6;1;2;001;01;12;"Sub cuentas de sub cuenta Aux";"Sueldos a empleados KM MOTOS RUTA #4"
6;1;2;001;01;13;"Sub cuentas de sub cuenta Aux";"Sueldos a empleados KM MOTOS GUALACO"
6;1;2;001;01;14;"Sub cuentas de sub cuenta Aux";"Sueldos a empleados KM MOTOS CULMI"
6;1;2;001;01;15;"Sub cuentas de sub cuenta Aux";"Sueldos a empleados KM MOTOS SPS #1"
6;1;2;001;01;16;"Sub cuentas de sub cuenta Aux";"Sueldos a empleados KMS TIENDA VIRTUAL HN"
6;1;2;001;01;17;"Sub cuentas de sub cuenta Aux";"Sueldos a empleados KM MOTOS RUTA #6"
6;1;2;001;01;18;"Sub cuentas de sub cuenta Aux";"Sueldos a empleados KM MOTOS - LA PAZ"
6;1;2;001;01;19;"Sub cuentas de sub cuenta Aux";"Sueldos a empleados KM MOTOS TOCOA"
6;1;2;001;01;20;"Sub cuentas de sub cuenta Aux";"Sueldos a empleados KM MOTOS - TOROCAGUA"
6;1;2;001;01;21;"Sub cuentas de sub cuenta Aux";"Sueldos a empleados KM MOTOS SPS 2"
6;1;2;001;01;22;"Sub cuentas de sub cuenta Aux";"Sueldos a empleados KM MOTOS CATACAMAS 2 -OLANCHO "
6;1;2;001;01;22;"Sub cuentas de sub cuenta Aux";SAC
6;1;2;001;01;23;"Sub cuentas de sub cuenta Aux";"Sueldos a empleados KM MOTOS RUTA #7"
6;1;2;001;01;24;"Sub cuentas de sub cuenta Aux";"Sueldos a empleados KM MOTOS EL PROGRESO"
6;1;2;001;01;25;"Sub cuentas de sub cuenta Aux";"Sueldos a empleados KM MOTOS TELA"
6;1;2;001;01;26;"Sub cuentas de sub cuenta Aux";"Sueldos a empleados KM MOTOS SABA"
6;1;2;001;01;27;"Sub cuentas de sub cuenta Aux";"Sueldos a empleados KM MOTOS PEÑA BLANCA"
6;1;2;001;01;28;"Sub cuentas de sub cuenta Aux";"Sueldos a empleados KM MOTOS - RUTA 8"
6;1;2;001;01;29;"Sub cuentas de sub cuenta Aux";"Sueldos a empleados KM MOTOS - COUNTRY TEGUS"
6;1;2;001;01;30;"Sub cuentas de sub cuenta Aux";"Sueldos a empleados KM MOTOS - EL PROGRESO 2"
6;1;2;001;01;31;"Sub cuentas de sub cuenta Aux";"Sueldos a empleados KMMOTOS -   RUTA #9"
6;1;2;001;02;00;"Sub cuentas del Aux";"Sueldos a empleados ALL IN ONE"
6;1;2;001;02;01;"Sub cuentas de sub cuenta Aux";"Sueldos a empleados ALL IN ONE - CHOLUTECA "
6;1;2;001;02;02;"Sub cuentas de sub cuenta Aux";"Sueldos a empleados ALL IN ONE-COMAYAGUA #2 "
6;1;2;001;02;03;"Sub cuentas de sub cuenta Aux";"Sueldos a empleados KM MOTOS SIGUATEPEQUE #1"
6;1;2;001;02;04;"Sub cuentas de sub cuenta Aux";"Sueldos a empleados ALL IN ONE-SAN LORENZO"
6;1;2;001;02;05;"Sub cuentas de sub cuenta Aux";"Comayagua 7"
6;1;2;001;02;05;"Sub cuentas de sub cuenta Aux";"Sueldos a empleados ALL IN ONE LA ESPERANZA #1"
6;1;2;001;02;06;"Sub cuentas de sub cuenta Aux";"Sueldos a empleados ALL IN ONE COMAYAGUA #5"
6;1;2;001;02;07;"Sub cuentas de sub cuenta Aux";"Sueldos a empleados KM MOTOS - SANTA ROSA"
6;1;2;001;02;08;"Sub cuentas de sub cuenta Aux";"Sueldos a empleados KM MOTOS - SANTA BARBARA"
6;1;2;001;02;09;"Sub cuentas de sub cuenta Aux";"Sueldos a empleados KM MOTOS - TALANGA"
6;1;2;001;02;10;"Sub cuentas de sub cuenta Aux";"Sueldos a empleados ALL IN ONE - LA ESPERANZA #2"
6;1;2;001;02;11;"Sub cuentas de sub cuenta Aux";"Sueldos a empleados KM MOTOS - SIGUATEPEQUE #2"
6;1;2;001;02;12;"Sub cuentas de sub cuenta Aux";"Sueldos a empleados ALL IN ONE - AZACUALPA SANTA BARBARA"
6;1;2;001;02;13;"Sub cuentas de sub cuenta Aux";"Sueldos a empleados ALL IN ONE - LAS VEGAS SANTA BARBARA"
6;1;2;001;02;14;"Sub cuentas de sub cuenta Aux";"Sueldos a empleados ALL IN ONE - CHOLUTECA 2"
6;1;2;001;02;15;"Sub cuentas de sub cuenta Aux";"Sueldos a empleados ALL IN ONE - CHOLUTECA 3"
6;1;2;001;02;16;"Sub cuentas de sub cuenta Aux";"Sueldos a empleados ALL IN ONE  - MONJARAS"
6;1;2;001;02;17;"Sub cuentas de sub cuenta Aux";"Sueldos a empleados ALL IN ONE - NACAOME"
6;1;2;001;03;00;"Sub cuentas del Aux";"Sueldos a empleados KM CARS"
6;1;2;001;03;01;"Sub cuentas de sub cuenta Aux";"Sueldos a empleados KM MOTOS - COMAYAGUA #3"
6;1;2;001;03;02;"Sub cuentas de sub cuenta Aux";"Sueldos a empleados KM CARS - LA CUESTA "
6;1;2;001;03;03;"Sub cuentas de sub cuenta Aux";"Sueldos a empleados KM CARS LA LIBERTAD"
6;1;2;001;03;04;"Sub cuentas de sub cuenta Aux";"Sueldos a empleados KM CARS - VILLANUEVA"
6;1;2;001;03;05;"Sub cuentas de sub cuenta Aux";"Sueldos a empleados KM CARS - MARCALA #1"
6;1;2;001;03;06;"Sub cuentas de sub cuenta Aux";"Sueldos a empleados KM CARS GRACIAS LEMPIRA"
6;1;2;001;03;07;"Sub cuentas de sub cuenta Aux";"Sueldos a empleados KM MOTOS LA CEIBA"
6;1;2;001;03;08;"Sub cuentas de sub cuenta Aux";"Sueldos a empleados KM MOTOS PUERTO CORTES"
6;1;2;001;03;09;"Sub cuentas de sub cuenta Aux";"Sueldos a empleados KM MOTOS DANLI"
6;1;2;001;03;10;"Sub cuentas de sub cuenta Aux";"Sueldos a empleados KM CARS EL PARAISO"
6;1;2;001;03;11;"Sub cuentas de sub cuenta Aux";"Sueldos a empleados KM MOTOS CHOLOMA"
6;1;2;001;03;12;"Sub cuentas de sub cuenta Aux";"Sueldos a empleados KM CARS - MARCALA 2"
6;1;2;001;03;13;"Sub cuentas de sub cuenta Aux";"Sueldos a empleados KM CARS - LA ENTRADA COPAN"
6;1;2;001;03;14;"Sub cuentas de sub cuenta Aux";"Sueldos a empleados KM CARS - LA ENTRADA COPAN #2"
6;1;2;001;03;15;"Sub cuentas de sub cuenta Aux";"Sueldos a empleados KM CARS - SANTA CRUZ DE YOJOA"
6;1;2;001;03;16;"Sub cuentas de sub cuenta Aux";"Sueldos a empleados KM CARS - MORAZAN YORO"
6;1;2;001;03;17;"Sub cuentas de sub cuenta Aux";"Sueldos a empleados KM CARS - LA CUESTA #2"
6;1;2;001;03;18;"Sub cuentas de sub cuenta Aux";"Sueldos a empleados KM CARS- YORO, YORO"
6;1;2;001;03;19;"Sub cuentas de sub cuenta Aux";"Sueldos a empleados GRUPO KM CARS HN - DANLI 2"
6;1;2;001;04;00;"Sub cuentas del Aux";"Sueldos a empleados GRUPO KM MOTOS HN"
6;1;2;001;04;01;"Sub cuentas de sub cuenta Aux";"Sueldos a empleados KM MOTOS - VINI"
6;1;2;001;04;02;"Sub cuentas de sub cuenta Aux";"Sueldos a empleados GRUPO KM MOTOS - SPS 3"
6;1;2;001;04;03;"Sub cuentas de sub cuenta Aux";"Sueldos a empleados GRUPO KM MOTOS  - JUTICALPA 2"
6;1;2;001;04;04;"Sub cuentas de sub cuenta Aux";"Sueldos a empleados GRUPO KM MOTOS HN - SAN MARCOS DE COLON"
6;1;2;001;04;05;"Sub cuentas de sub cuenta Aux";"Sueldos a empleados GRUPO KM MOTOS HN - TEUPASENTI"
6;1;2;001;04;06;"Sub cuentas de sub cuenta Aux";"Sueldos a empleados KMMOTOS - COMAYAGUA #8"
6;1;2;001;05;00;"Sub cuentas del Aux";"Sueldos a empleados GRUPO KM CARS HN"
6;1;2;001;05;01;"Sub cuentas de sub cuenta Aux";"Sueldos a empleados ALL IN ONE COMAYAGUA #6"
6;1;2;001;05;02;"Sub cuentas de sub cuenta Aux";"Sueldos a empleados GRUPO TODO EN UNO HN - SANTA ROSA COPAN #2"
6;1;2;001;05;03;"Sub cuentas de sub cuenta Aux";"Sueldos a empleados GRUPO TODO EN UNO HN - SIGUATEPEQUE #3"
6;1;2;001;06;00;"Sub cuentas del Aux";"Sueldos a empleados GRUPO TODO EN UNO HN"
6;1;2;001;06;01;"Sub cuentas de sub cuenta Aux";"Sueldos a empleados ALL IN ONE- KM COMAYAGUA #4  "
6;1;2;001;06;02;"Sub cuentas de sub cuenta Aux";"Sueldos a empleados GRUPO TODO EN UNO - SAN JUAN "
6;1;2;001;06;03;"Sub cuentas de sub cuenta Aux";"Sueldos a empleados GRUPO TODO EN UNO HN - JESUS DE OTORO"
6;1;2;001;06;04;"Sub cuentas de sub cuenta Aux";"Sueldos a empleados ALL IN ONE - TAULABE"
6;1;2;001;06;05;"Sub cuentas de sub cuenta Aux";"Sueldos a empleados GRUPO KM CARS HN - TROJES"
6;1;2;001;06;06;"Sub cuentas de sub cuenta Aux";"Sueldos a empleados GRUPO KM CARS HN - SAN MARCOS DE OCOTEPEQUE"
6;1;2;001;06;07;"Sub cuentas de sub cuenta Aux";"Sueldos a empleados GRUPO TODO EN UNO HN - QUIMISTAN"
6;1;2;001;06;08;"Sub cuentas de sub cuenta Aux";"Sueldos a empleados GRUPO KM CARS HN - LEPAERA"
6;1;2;001;06;09;"Sub cuentas de sub cuenta Aux";"Sueldos a empleados  GRUPO KM CARS  - LA ENTRADA #3"
6;1;2;002;00;00;Auxiliar;"Provisionamiento 13avo"
6;1;2;003;00;00;Auxiliar;"Provisionamiento 14avo"
6;1;2;004;00;00;Auxiliar;"Comisiones a vendedores"
6;1;2;004;05;00;"Sub cuentas del Aux";"Comisiones a vendedores KM motos"
6;1;2;004;05;01;"Sub cuentas de sub cuenta Aux";"KM MOTOS COMAYAGUA"
6;1;2;004;05;02;"Sub cuentas de sub cuenta Aux";"KM MOTOS COMAYAGÜELA"
6;1;2;004;05;03;"Sub cuentas de sub cuenta Aux";"KM MOTOS JUTICALPA"
6;1;2;004;05;04;"Sub cuentas de sub cuenta Aux";"KM MOTOS CATACAMAS - OLANCHO"
6;1;2;004;05;05;"Sub cuentas de sub cuenta Aux";"KM MOTOS CATACAMAS 2"
6;1;2;004;05;06;"Sub cuentas de sub cuenta Aux";"KM MOTOS - LA PAZ"
6;1;2;004;05;07;"Sub cuentas de sub cuenta Aux";"KM MOTOS GUALACO"
6;1;2;004;05;08;"Sub cuentas de sub cuenta Aux";"KM MOTOS CULMI"
6;1;2;004;05;09;"Sub cuentas de sub cuenta Aux";"KM MOTOS SPS #1"
6;1;2;004;05;10;"Sub cuentas de sub cuenta Aux";"KM MOTOS SPS 2"
6;1;2;004;05;11;"Sub cuentas de sub cuenta Aux";"KM MOTOS JUTIAPA"
6;1;2;004;05;12;"Sub cuentas de sub cuenta Aux";"KM MOTOS - TOROCAGUA"
6;1;2;004;05;13;"Sub cuentas de sub cuenta Aux";"KM MOTOS TELA"
6;1;2;004;05;14;"Sub cuentas de sub cuenta Aux";"KM MOTOS EL PROGRESO"
6;1;2;004;05;15;"Sub cuentas de sub cuenta Aux";"KM MOTOS TOCOA"
6;1;2;004;05;16;"Sub cuentas de sub cuenta Aux";"KM MOTOS PEÑA BLANCA"
6;1;2;004;05;17;"Sub cuentas de sub cuenta Aux";"KM MOTOS SABA"
6;1;2;004;05;18;"Sub cuentas de sub cuenta Aux";"KM MOTOS - COUNTRY TEGUS"
6;1;2;004;05;19;"Sub cuentas de sub cuenta Aux";"KM MOTOS - EL PROGRESO 2"
6;1;2;004;05;20;"Sub cuentas de sub cuenta Aux";"KM MOTOS - SPS 3"
6;1;2;004;05;21;"Sub cuentas de sub cuenta Aux";"KM MOTOS JUTICALPA 2"
6;1;2;004;05;22;"Sub cuentas de sub cuenta Aux";SAC
6;1;2;004;06;00;"Sub cuentas del Aux";"Comisiones a vendedores MOTOREPUESTOS TODO EN UNO"
6;1;2;004;06;01;"Sub cuentas de sub cuenta Aux";"COMAYAGUA 2 - ALL IN ONE"
6;1;2;004;06;02;"Sub cuentas de sub cuenta Aux";"KM COMAYAGUA 4 - ALL IN ONE"
6;1;2;004;06;03;"Sub cuentas de sub cuenta Aux";"KM MOTOS COMAYAGUA #5"
6;1;2;004;06;04;"Sub cuentas de sub cuenta Aux";"KM MOTOS COMAYAGUA #6"
6;1;2;004;06;05;"Sub cuentas de sub cuenta Aux";"Comayagua 7"
6;1;2;004;06;06;"Sub cuentas de sub cuenta Aux";"ALL IN ONE - CHOLUTECA"
6;1;2;004;06;07;"Sub cuentas de sub cuenta Aux";"KM MOTOS SIGUATEPEQUE #1"
6;1;2;004;06;08;"Sub cuentas de sub cuenta Aux";"KM MOTOS SAN LORENZO"
6;1;2;004;06;09;"Sub cuentas de sub cuenta Aux";"KM MOTOS LA ESPERANZA #1"
6;1;2;004;06;10;"Sub cuentas de sub cuenta Aux";"KM MOTOS - SANTA ROSA"
6;1;2;004;06;11;"Sub cuentas de sub cuenta Aux";"KM MOTOS - SANTA BARBARA"
6;1;2;004;06;12;"Sub cuentas de sub cuenta Aux";"KM MOTOS - TALANGA"
6;1;2;004;06;13;"Sub cuentas de sub cuenta Aux";"KM MOTOS - AZACUALPA SANTA BARBARA"
6;1;2;004;06;14;"Sub cuentas de sub cuenta Aux";"KM MOTOS - LAS VEGAS SANTA BARBARA"
6;1;2;004;06;15;"Sub cuentas de sub cuenta Aux";"KM MOTOS - SIGUATEPEQUE #2"
6;1;2;004;06;16;"Sub cuentas de sub cuenta Aux";"KM MOTOS - LA ESPERANZA #2"
6;1;2;004;06;17;"Sub cuentas de sub cuenta Aux";"KM MOTOS - CHOLUTECA 2"
6;1;2;004;06;18;"Sub cuentas de sub cuenta Aux";"KM MOTOS - CHOLUTECA 3"
6;1;2;004;06;19;"Sub cuentas de sub cuenta Aux";"KM MOTOS - SANTA ROSA COPAN #2"
6;1;2;004;06;20;"Sub cuentas de sub cuenta Aux";"KM MOTOS - TAULABE"
6;1;2;004;06;21;"Sub cuentas de sub cuenta Aux";"KM MOTOS - JESUS DE OTORO"
6;1;2;004;06;22;"Sub cuentas de sub cuenta Aux";"KM MOTOS - SAN MARCOS"
6;1;2;004;06;23;"Sub cuentas de sub cuenta Aux";"KM MOTOS - SIGUATEPEQUE #3"
6;1;2;004;06;24;"Sub cuentas de sub cuenta Aux";"KM MOTO - QUIMISTAN"
6;1;2;004;07;00;"Sub cuentas del Aux";"Comisiones a vendedores KM CARS"
6;1;2;004;07;01;"Sub cuentas de sub cuenta Aux";"KM MOTOS - COMAYAGUA #3"
6;1;2;004;07;02;"Sub cuentas de sub cuenta Aux";"KM MOTOS - LA CUESTA #1"
6;1;2;004;07;03;"Sub cuentas de sub cuenta Aux";"KM MOTOS LA LIBERTAD"
6;1;2;004;07;04;"Sub cuentas de sub cuenta Aux";"KM MOTOS - ENTRADA COPAN"
6;1;2;004;07;05;"Sub cuentas de sub cuenta Aux";"KM MOTOS GRACIAS LEMPIRA"
6;1;2;004;07;06;"Sub cuentas de sub cuenta Aux";"KM MOTOS - MARCALA #1"
6;1;2;004;07;07;"Sub cuentas de sub cuenta Aux";"KM MOTOS DANLI"
6;1;2;004;07;08;"Sub cuentas de sub cuenta Aux";"KM MOTOS EL PARAISO"
6;1;2;004;07;09;"Sub cuentas de sub cuenta Aux";"KM MOTOS PUERTO CORTES"
6;1;2;004;07;10;"Sub cuentas de sub cuenta Aux";"KM MOTOS CHOLOMA"
6;1;2;004;07;11;"Sub cuentas de sub cuenta Aux";"KM MOTOS - VILLANUEVA"
6;1;2;004;07;12;"Sub cuentas de sub cuenta Aux";"KM MOTOS LA CEIBA"
6;1;2;004;07;13;"Sub cuentas de sub cuenta Aux";"KM MOTOS - MARCALA 2"
6;1;2;004;07;14;"Sub cuentas de sub cuenta Aux";"KM MOTOS - LA ENTRADA #2"
6;1;2;004;07;15;"Sub cuentas de sub cuenta Aux";"KM MOTOS - YORO, YORO"
6;1;2;004;07;16;"Sub cuentas de sub cuenta Aux";"KM MOTOS - MORAZAN YORO"
6;1;2;004;07;17;"Sub cuentas de sub cuenta Aux";"KM MOTOS - SANTA CRUZ DE YOJOA"
6;1;2;004;07;18;"Sub cuentas de sub cuenta Aux";"KM MOTOS - LA CUESTA #2"
6;1;2;004;07;19;"Sub cuentas de sub cuenta Aux";"KM MOTOS - TROJES"
6;1;2;004;07;20;"Sub cuentas de sub cuenta Aux";"KM MOTOS SAN JUAN"
6;1;2;004;07;21;"Sub cuentas de sub cuenta Aux";"KM MOTOS - DANLI 2"
6;1;2;004;07;22;"Sub cuentas de sub cuenta Aux";"KM MOTOS - LEPAERA"
6;1;2;005;00;00;Auxiliar;"Seguro social"
6;1;2;006;00;00;Auxiliar;"Alquiler del Local"
6;1;2;006;07;00;"Sub cuentas del Aux";"Alquiler del Local KM motos"
6;1;2;006;07;01;"Sub cuentas de sub cuenta Aux";"KM MOTOS COMAYAGUA"
6;1;2;006;07;02;"Sub cuentas de sub cuenta Aux";"KM MOTOS COMAYAGÜELA"
6;1;2;006;07;03;"Sub cuentas de sub cuenta Aux";"KM MOTOS JUTICALPA"
6;1;2;006;07;04;"Sub cuentas de sub cuenta Aux";"KM MOTOS CATACAMAS - OLANCHO"
6;1;2;006;07;05;"Sub cuentas de sub cuenta Aux";"KM MOTOS CATACAMAS 2"
6;1;2;006;07;06;"Sub cuentas de sub cuenta Aux";"KM MOTOS - LA PAZ"
6;1;2;006;07;07;"Sub cuentas de sub cuenta Aux";"KM MOTOS GUALACO"
6;1;2;006;07;08;"Sub cuentas de sub cuenta Aux";"KM MOTOS CULMI"
6;1;2;006;07;09;"Sub cuentas de sub cuenta Aux";"KM MOTOS SPS #1"
6;1;2;006;07;10;"Sub cuentas de sub cuenta Aux";"KM MOTOS SPS 2"
6;1;2;006;07;11;"Sub cuentas de sub cuenta Aux";"KM MOTOS JUTIAPA"
6;1;2;006;07;12;"Sub cuentas de sub cuenta Aux";"KM MOTOS - TOROCAGUA"
6;1;2;006;07;13;"Sub cuentas de sub cuenta Aux";"KM MOTOS TELA"
6;1;2;006;07;14;"Sub cuentas de sub cuenta Aux";"KM MOTOS EL PROGRESO"
6;1;2;006;07;15;"Sub cuentas de sub cuenta Aux";"KM MOTOS TOCOA"
6;1;2;006;07;16;"Sub cuentas de sub cuenta Aux";"KM MOTOS PEÑA BLANCA"
6;1;2;006;07;17;"Sub cuentas de sub cuenta Aux";"KM MOTOS SABA"
6;1;2;006;07;18;"Sub cuentas de sub cuenta Aux";"KM MOTOS - COUNTRY TEGUS"
6;1;2;006;07;19;"Sub cuentas de sub cuenta Aux";"KM MOTOS - EL PROGRESO 2"
6;1;2;006;07;20;"Sub cuentas de sub cuenta Aux";"KM MOTOS - SPS 3"
6;1;2;006;07;21;"Sub cuentas de sub cuenta Aux";"KM MOTOS JUTICALPA 2"
6;1;2;006;07;22;"Sub cuentas de sub cuenta Aux";SAC
6;1;2;006;08;00;"Sub cuentas del Aux";"Alquiler del Local MOTOREPUESTOS TODO EN UNO"
6;1;2;006;08;01;"Sub cuentas de sub cuenta Aux";"COMAYAGUA 2 - ALL IN ONE"
6;1;2;006;08;02;"Sub cuentas de sub cuenta Aux";"KM COMAYAGUA 4 - ALL IN ONE"
6;1;2;006;08;03;"Sub cuentas de sub cuenta Aux";"KM MOTOS COMAYAGUA #5"
6;1;2;006;08;04;"Sub cuentas de sub cuenta Aux";"KM MOTOS COMAYAGUA #6"
6;1;2;006;08;05;"Sub cuentas de sub cuenta Aux";"Comayagua 7"
6;1;2;006;08;06;"Sub cuentas de sub cuenta Aux";"ALL IN ONE - CHOLUTECA"
6;1;2;006;08;07;"Sub cuentas de sub cuenta Aux";"KM MOTOS SIGUATEPEQUE #1"
6;1;2;006;08;08;"Sub cuentas de sub cuenta Aux";"KM MOTOS SAN LORENZO"
6;1;2;006;08;09;"Sub cuentas de sub cuenta Aux";"KM MOTOS LA ESPERANZA #1"
6;1;2;006;08;10;"Sub cuentas de sub cuenta Aux";"KM MOTOS - SANTA ROSA"
6;1;2;006;08;11;"Sub cuentas de sub cuenta Aux";"KM MOTOS - SANTA BARBARA"
6;1;2;006;08;12;"Sub cuentas de sub cuenta Aux";"KM MOTOS - TALANGA"
6;1;2;006;08;13;"Sub cuentas de sub cuenta Aux";"KM MOTOS - AZACUALPA SANTA BARBARA"
6;1;2;006;08;14;"Sub cuentas de sub cuenta Aux";"KM MOTOS - LAS VEGAS SANTA BARBARA"
6;1;2;006;08;15;"Sub cuentas de sub cuenta Aux";"KM MOTOS - SIGUATEPEQUE #2"
6;1;2;006;08;16;"Sub cuentas de sub cuenta Aux";"KM MOTOS - LA ESPERANZA #2"
6;1;2;006;08;17;"Sub cuentas de sub cuenta Aux";"KM MOTOS - CHOLUTECA 2"
6;1;2;006;08;18;"Sub cuentas de sub cuenta Aux";"KM MOTOS - CHOLUTECA 3"
6;1;2;006;08;19;"Sub cuentas de sub cuenta Aux";"KM MOTOS - SANTA ROSA COPAN #2"
6;1;2;006;08;20;"Sub cuentas de sub cuenta Aux";"KM MOTOS - TAULABE"
6;1;2;006;08;21;"Sub cuentas de sub cuenta Aux";"KM MOTOS - JESUS DE OTORO"
6;1;2;006;08;22;"Sub cuentas de sub cuenta Aux";"KM MOTOS - SAN MARCOS"
6;1;2;006;08;23;"Sub cuentas de sub cuenta Aux";"KM MOTOS - SIGUATEPEQUE #3"
6;1;2;006;08;24;"Sub cuentas de sub cuenta Aux";"KM MOTO - QUIMISTAN"
6;1;2;006;09;00;"Sub cuentas del Aux";"Alquiler del Local KM CARS"
6;1;2;006;09;01;"Sub cuentas de sub cuenta Aux";"KM MOTOS - COMAYAGUA #3"
6;1;2;006;09;02;"Sub cuentas de sub cuenta Aux";"KM MOTOS - LA CUESTA #1"
6;1;2;006;09;03;"Sub cuentas de sub cuenta Aux";"KM MOTOS LA LIBERTAD"
6;1;2;006;09;04;"Sub cuentas de sub cuenta Aux";"KM MOTOS - ENTRADA COPAN"
6;1;2;006;09;05;"Sub cuentas de sub cuenta Aux";"KM MOTOS GRACIAS LEMPIRA"
6;1;2;006;09;06;"Sub cuentas de sub cuenta Aux";"KM MOTOS - MARCALA #1"
6;1;2;006;09;07;"Sub cuentas de sub cuenta Aux";"KM MOTOS DANLI"
6;1;2;006;09;08;"Sub cuentas de sub cuenta Aux";"KM MOTOS EL PARAISO"
6;1;2;006;09;09;"Sub cuentas de sub cuenta Aux";"KM MOTOS PUERTO CORTES"
6;1;2;006;09;10;"Sub cuentas de sub cuenta Aux";"KM MOTOS CHOLOMA"
6;1;2;006;09;11;"Sub cuentas de sub cuenta Aux";"KM MOTOS - VILLANUEVA"
6;1;2;006;09;12;"Sub cuentas de sub cuenta Aux";"KM MOTOS LA CEIBA"
6;1;2;006;09;13;"Sub cuentas de sub cuenta Aux";"KM MOTOS - MARCALA 2"
6;1;2;006;09;14;"Sub cuentas de sub cuenta Aux";"KM MOTOS - LA ENTRADA #2"
6;1;2;006;09;15;"Sub cuentas de sub cuenta Aux";"KM MOTOS - YORO, YORO"
6;1;2;006;09;16;"Sub cuentas de sub cuenta Aux";"KM MOTOS - MORAZAN YORO"
6;1;2;006;09;17;"Sub cuentas de sub cuenta Aux";"KM MOTOS - SANTA CRUZ DE YOJOA"
6;1;2;006;09;18;"Sub cuentas de sub cuenta Aux";"KM MOTOS - LA CUESTA #2"
6;1;2;006;09;19;"Sub cuentas de sub cuenta Aux";"KM MOTOS - TROJES"
6;1;2;006;09;20;"Sub cuentas de sub cuenta Aux";"KM MOTOS SAN JUAN"
6;1;2;006;09;21;"Sub cuentas de sub cuenta Aux";"KM MOTOS - DANLI 2"
6;1;2;006;09;22;"Sub cuentas de sub cuenta Aux";"KM MOTOS - LEPAERA"
6;1;2;007;00;00;Auxiliar;"Energia electrica"
6;1;2;007;08;00;"Sub cuentas del Aux";"Energia electrica KM motos"
6;1;2;007;08;01;"Sub cuentas de sub cuenta Aux";"KM MOTOS COMAYAGUA"
6;1;2;007;08;02;"Sub cuentas de sub cuenta Aux";"KM MOTOS COMAYAGÜELA"
6;1;2;007;08;03;"Sub cuentas de sub cuenta Aux";"KM MOTOS JUTICALPA"
6;1;2;007;08;04;"Sub cuentas de sub cuenta Aux";"KM MOTOS CATACAMAS - OLANCHO"
6;1;2;007;08;05;"Sub cuentas de sub cuenta Aux";"KM MOTOS CATACAMAS 2"
6;1;2;007;08;06;"Sub cuentas de sub cuenta Aux";"KM MOTOS - LA PAZ"
6;1;2;007;08;07;"Sub cuentas de sub cuenta Aux";"KM MOTOS GUALACO"
6;1;2;007;08;08;"Sub cuentas de sub cuenta Aux";"KM MOTOS CULMI"
6;1;2;007;08;09;"Sub cuentas de sub cuenta Aux";"KM MOTOS SPS #1"
6;1;2;007;08;10;"Sub cuentas de sub cuenta Aux";"KM MOTOS SPS 2"
6;1;2;007;08;11;"Sub cuentas de sub cuenta Aux";"KM MOTOS JUTIAPA"
6;1;2;007;08;12;"Sub cuentas de sub cuenta Aux";"KM MOTOS - TOROCAGUA"
6;1;2;007;08;13;"Sub cuentas de sub cuenta Aux";"KM MOTOS TELA"
6;1;2;007;08;14;"Sub cuentas de sub cuenta Aux";"KM MOTOS EL PROGRESO"
6;1;2;007;08;15;"Sub cuentas de sub cuenta Aux";"KM MOTOS TOCOA"
6;1;2;007;08;16;"Sub cuentas de sub cuenta Aux";"KM MOTOS PEÑA BLANCA"
6;1;2;007;08;17;"Sub cuentas de sub cuenta Aux";"KM MOTOS SABA"
6;1;2;007;08;18;"Sub cuentas de sub cuenta Aux";"KM MOTOS - COUNTRY TEGUS"
6;1;2;007;08;19;"Sub cuentas de sub cuenta Aux";"KM MOTOS - EL PROGRESO 2"
6;1;2;007;08;20;"Sub cuentas de sub cuenta Aux";"KM MOTOS - SPS 3"
6;1;2;007;08;21;"Sub cuentas de sub cuenta Aux";"KM MOTOS JUTICALPA 2"
6;1;2;007;08;22;"Sub cuentas de sub cuenta Aux";SAC
6;1;2;007;09;00;"Sub cuentas del Aux";"Energia electrica MOTOREPUESTOS TODO EN UNO"
6;1;2;007;09;01;"Sub cuentas de sub cuenta Aux";"COMAYAGUA 2 - ALL IN ONE"
6;1;2;007;09;02;"Sub cuentas de sub cuenta Aux";"KM COMAYAGUA 4 - ALL IN ONE"
6;1;2;007;09;03;"Sub cuentas de sub cuenta Aux";"KM MOTOS COMAYAGUA #5"
6;1;2;007;09;04;"Sub cuentas de sub cuenta Aux";"KM MOTOS COMAYAGUA #6"
6;1;2;007;09;05;"Sub cuentas de sub cuenta Aux";"Comayagua 7"
6;1;2;007;09;06;"Sub cuentas de sub cuenta Aux";"ALL IN ONE - CHOLUTECA"
6;1;2;007;09;07;"Sub cuentas de sub cuenta Aux";"KM MOTOS SIGUATEPEQUE #1"
6;1;2;007;09;08;"Sub cuentas de sub cuenta Aux";"KM MOTOS SAN LORENZO"
6;1;2;007;09;09;"Sub cuentas de sub cuenta Aux";"KM MOTOS LA ESPERANZA #1"
6;1;2;007;09;10;"Sub cuentas de sub cuenta Aux";"KM MOTOS - SANTA ROSA"
6;1;2;007;09;11;"Sub cuentas de sub cuenta Aux";"KM MOTOS - SANTA BARBARA"
6;1;2;007;09;12;"Sub cuentas de sub cuenta Aux";"KM MOTOS - TALANGA"
6;1;2;007;09;13;"Sub cuentas de sub cuenta Aux";"KM MOTOS - AZACUALPA SANTA BARBARA"
6;1;2;007;09;14;"Sub cuentas de sub cuenta Aux";"KM MOTOS - LAS VEGAS SANTA BARBARA"
6;1;2;007;09;15;"Sub cuentas de sub cuenta Aux";"KM MOTOS - SIGUATEPEQUE #2"
6;1;2;007;09;16;"Sub cuentas de sub cuenta Aux";"KM MOTOS - LA ESPERANZA #2"
6;1;2;007;09;17;"Sub cuentas de sub cuenta Aux";"KM MOTOS - CHOLUTECA 2"
6;1;2;007;09;18;"Sub cuentas de sub cuenta Aux";"KM MOTOS - CHOLUTECA 3"
6;1;2;007;09;19;"Sub cuentas de sub cuenta Aux";"KM MOTOS - SANTA ROSA COPAN #2"
6;1;2;007;09;20;"Sub cuentas de sub cuenta Aux";"KM MOTOS - TAULABE"
6;1;2;007;09;21;"Sub cuentas de sub cuenta Aux";"KM MOTOS - JESUS DE OTORO"
6;1;2;007;09;22;"Sub cuentas de sub cuenta Aux";"KM MOTOS - SAN MARCOS"
6;1;2;007;09;23;"Sub cuentas de sub cuenta Aux";"KM MOTOS - SIGUATEPEQUE #3"
6;1;2;007;09;24;"Sub cuentas de sub cuenta Aux";"KM MOTO - QUIMISTAN"
6;1;2;007;10;00;"Sub cuentas del Aux";"Energia electrica KM CARS"
6;1;2;007;10;01;"Sub cuentas de sub cuenta Aux";"KM MOTOS - COMAYAGUA #3"
6;1;2;007;10;02;"Sub cuentas de sub cuenta Aux";"KM MOTOS - LA CUESTA #1"
6;1;2;007;10;03;"Sub cuentas de sub cuenta Aux";"KM MOTOS LA LIBERTAD"
6;1;2;007;10;04;"Sub cuentas de sub cuenta Aux";"KM MOTOS - ENTRADA COPAN"
6;1;2;007;10;05;"Sub cuentas de sub cuenta Aux";"KM MOTOS GRACIAS LEMPIRA"
6;1;2;007;10;06;"Sub cuentas de sub cuenta Aux";"KM MOTOS - MARCALA #1"
6;1;2;007;10;07;"Sub cuentas de sub cuenta Aux";"KM MOTOS DANLI"
6;1;2;007;10;08;"Sub cuentas de sub cuenta Aux";"KM MOTOS EL PARAISO"
6;1;2;007;10;09;"Sub cuentas de sub cuenta Aux";"KM MOTOS PUERTO CORTES"
6;1;2;007;10;10;"Sub cuentas de sub cuenta Aux";"KM MOTOS CHOLOMA"
6;1;2;007;10;11;"Sub cuentas de sub cuenta Aux";"KM MOTOS - VILLANUEVA"
6;1;2;007;10;12;"Sub cuentas de sub cuenta Aux";"KM MOTOS LA CEIBA"
6;1;2;007;10;13;"Sub cuentas de sub cuenta Aux";"KM MOTOS - MARCALA 2"
6;1;2;007;10;14;"Sub cuentas de sub cuenta Aux";"KM MOTOS - LA ENTRADA #2"
6;1;2;007;10;15;"Sub cuentas de sub cuenta Aux";"KM MOTOS - YORO, YORO"
6;1;2;007;10;16;"Sub cuentas de sub cuenta Aux";"KM MOTOS - MORAZAN YORO"
6;1;2;007;10;17;"Sub cuentas de sub cuenta Aux";"KM MOTOS - SANTA CRUZ DE YOJOA"
6;1;2;007;10;18;"Sub cuentas de sub cuenta Aux";"KM MOTOS - LA CUESTA #2"
6;1;2;007;10;19;"Sub cuentas de sub cuenta Aux";"KM MOTOS - TROJES"
6;1;2;007;10;20;"Sub cuentas de sub cuenta Aux";"KM MOTOS SAN JUAN"
6;1;2;007;10;21;"Sub cuentas de sub cuenta Aux";"KM MOTOS - DANLI 2"
6;1;2;007;10;22;"Sub cuentas de sub cuenta Aux";"KM MOTOS - LEPAERA"
6;1;2;008;00;00;Auxiliar;Agua
6;1;2;008;09;00;"Sub cuentas del Aux";"Agua KM motos"
6;1;2;008;09;01;"Sub cuentas de sub cuenta Aux";"KM MOTOS COMAYAGUA"
6;1;2;008;09;02;"Sub cuentas de sub cuenta Aux";"KM MOTOS COMAYAGÜELA"
6;1;2;008;09;03;"Sub cuentas de sub cuenta Aux";"KM MOTOS JUTICALPA"
6;1;2;008;09;04;"Sub cuentas de sub cuenta Aux";"KM MOTOS CATACAMAS - OLANCHO"
6;1;2;008;09;05;"Sub cuentas de sub cuenta Aux";"KM MOTOS CATACAMAS 2"
6;1;2;008;09;06;"Sub cuentas de sub cuenta Aux";"KM MOTOS - LA PAZ"
6;1;2;008;09;07;"Sub cuentas de sub cuenta Aux";"KM MOTOS GUALACO"
6;1;2;008;09;08;"Sub cuentas de sub cuenta Aux";"KM MOTOS CULMI"
6;1;2;008;09;09;"Sub cuentas de sub cuenta Aux";"KM MOTOS SPS #1"
6;1;2;008;09;10;"Sub cuentas de sub cuenta Aux";"KM MOTOS SPS 2"
6;1;2;008;09;11;"Sub cuentas de sub cuenta Aux";"KM MOTOS JUTIAPA"
6;1;2;008;09;12;"Sub cuentas de sub cuenta Aux";"KM MOTOS - TOROCAGUA"
6;1;2;008;09;13;"Sub cuentas de sub cuenta Aux";"KM MOTOS TELA"
6;1;2;008;09;14;"Sub cuentas de sub cuenta Aux";"KM MOTOS EL PROGRESO"
6;1;2;008;09;15;"Sub cuentas de sub cuenta Aux";"KM MOTOS TOCOA"
6;1;2;008;09;16;"Sub cuentas de sub cuenta Aux";"KM MOTOS PEÑA BLANCA"
6;1;2;008;09;17;"Sub cuentas de sub cuenta Aux";"KM MOTOS SABA"
6;1;2;008;09;18;"Sub cuentas de sub cuenta Aux";"KM MOTOS - COUNTRY TEGUS"
6;1;2;008;09;19;"Sub cuentas de sub cuenta Aux";"KM MOTOS - EL PROGRESO 2"
6;1;2;008;09;20;"Sub cuentas de sub cuenta Aux";"KM MOTOS - SPS 3"
6;1;2;008;09;21;"Sub cuentas de sub cuenta Aux";"KM MOTOS JUTICALPA 2"
6;1;2;008;09;22;"Sub cuentas de sub cuenta Aux";SAC
6;1;2;008;10;00;"Sub cuentas del Aux";"Agua MOTOREPUESTOS TODO EN UNO"
6;1;2;008;10;01;"Sub cuentas de sub cuenta Aux";"COMAYAGUA 2 - ALL IN ONE"
6;1;2;008;10;02;"Sub cuentas de sub cuenta Aux";"KM COMAYAGUA 4 - ALL IN ONE"
6;1;2;008;10;03;"Sub cuentas de sub cuenta Aux";"KM MOTOS COMAYAGUA #5"
6;1;2;008;10;04;"Sub cuentas de sub cuenta Aux";"KM MOTOS COMAYAGUA #6"
6;1;2;008;10;05;"Sub cuentas de sub cuenta Aux";"Comayagua 7"
6;1;2;008;10;06;"Sub cuentas de sub cuenta Aux";"ALL IN ONE - CHOLUTECA"
6;1;2;008;10;07;"Sub cuentas de sub cuenta Aux";"KM MOTOS SIGUATEPEQUE #1"
6;1;2;008;10;08;"Sub cuentas de sub cuenta Aux";"KM MOTOS SAN LORENZO"
6;1;2;008;10;09;"Sub cuentas de sub cuenta Aux";"KM MOTOS LA ESPERANZA #1"
6;1;2;008;10;10;"Sub cuentas de sub cuenta Aux";"KM MOTOS - SANTA ROSA"
6;1;2;008;10;11;"Sub cuentas de sub cuenta Aux";"KM MOTOS - SANTA BARBARA"
6;1;2;008;10;12;"Sub cuentas de sub cuenta Aux";"KM MOTOS - TALANGA"
6;1;2;008;10;13;"Sub cuentas de sub cuenta Aux";"KM MOTOS - AZACUALPA SANTA BARBARA"
6;1;2;008;10;14;"Sub cuentas de sub cuenta Aux";"KM MOTOS - LAS VEGAS SANTA BARBARA"
6;1;2;008;10;15;"Sub cuentas de sub cuenta Aux";"KM MOTOS - SIGUATEPEQUE #2"
6;1;2;008;10;16;"Sub cuentas de sub cuenta Aux";"KM MOTOS - LA ESPERANZA #2"
6;1;2;008;10;17;"Sub cuentas de sub cuenta Aux";"KM MOTOS - CHOLUTECA 2"
6;1;2;008;10;18;"Sub cuentas de sub cuenta Aux";"KM MOTOS - CHOLUTECA 3"
6;1;2;008;10;19;"Sub cuentas de sub cuenta Aux";"KM MOTOS - SANTA ROSA COPAN #2"
6;1;2;008;10;20;"Sub cuentas de sub cuenta Aux";"KM MOTOS - TAULABE"
6;1;2;008;10;21;"Sub cuentas de sub cuenta Aux";"KM MOTOS - JESUS DE OTORO"
6;1;2;008;10;22;"Sub cuentas de sub cuenta Aux";"KM MOTOS - SAN MARCOS"
6;1;2;008;10;23;"Sub cuentas de sub cuenta Aux";"KM MOTOS - SIGUATEPEQUE #3"
6;1;2;008;10;24;"Sub cuentas de sub cuenta Aux";"KM MOTO - QUIMISTAN"
6;1;2;008;11;00;"Sub cuentas del Aux";"Agua KM CARS"
6;1;2;008;11;01;"Sub cuentas de sub cuenta Aux";"KM MOTOS - COMAYAGUA #3"
6;1;2;008;11;02;"Sub cuentas de sub cuenta Aux";"KM MOTOS - LA CUESTA #1"
6;1;2;008;11;03;"Sub cuentas de sub cuenta Aux";"KM MOTOS LA LIBERTAD"
6;1;2;008;11;04;"Sub cuentas de sub cuenta Aux";"KM MOTOS - ENTRADA COPAN"
6;1;2;008;11;05;"Sub cuentas de sub cuenta Aux";"KM MOTOS GRACIAS LEMPIRA"
6;1;2;008;11;06;"Sub cuentas de sub cuenta Aux";"KM MOTOS - MARCALA #1"
6;1;2;008;11;07;"Sub cuentas de sub cuenta Aux";"KM MOTOS DANLI"
6;1;2;008;11;08;"Sub cuentas de sub cuenta Aux";"KM MOTOS EL PARAISO"
6;1;2;008;11;09;"Sub cuentas de sub cuenta Aux";"KM MOTOS PUERTO CORTES"
6;1;2;008;11;10;"Sub cuentas de sub cuenta Aux";"KM MOTOS CHOLOMA"
6;1;2;008;11;11;"Sub cuentas de sub cuenta Aux";"KM MOTOS - VILLANUEVA"
6;1;2;008;11;12;"Sub cuentas de sub cuenta Aux";"KM MOTOS LA CEIBA"
6;1;2;008;11;13;"Sub cuentas de sub cuenta Aux";"KM MOTOS - MARCALA 2"
6;1;2;008;11;14;"Sub cuentas de sub cuenta Aux";"KM MOTOS - LA ENTRADA #2"
6;1;2;008;11;15;"Sub cuentas de sub cuenta Aux";"KM MOTOS - YORO, YORO"
6;1;2;008;11;16;"Sub cuentas de sub cuenta Aux";"KM MOTOS - MORAZAN YORO"
6;1;2;008;11;17;"Sub cuentas de sub cuenta Aux";"KM MOTOS - SANTA CRUZ DE YOJOA"
6;1;2;008;11;18;"Sub cuentas de sub cuenta Aux";"KM MOTOS - LA CUESTA #2"
6;1;2;008;11;19;"Sub cuentas de sub cuenta Aux";"KM MOTOS - TROJES"
6;1;2;008;11;20;"Sub cuentas de sub cuenta Aux";"KM MOTOS SAN JUAN"
6;1;2;008;11;21;"Sub cuentas de sub cuenta Aux";"KM MOTOS - DANLI 2"
6;1;2;008;11;22;"Sub cuentas de sub cuenta Aux";"KM MOTOS - LEPAERA"
6;1;2;009;00;00;Auxiliar;"Plan de Telefono"
6;1;2;009;10;00;"Sub cuentas del Aux";"Plan de Telefono KM motos"
6;1;2;009;10;01;"Sub cuentas de sub cuenta Aux";"KM MOTOS COMAYAGUA"
6;1;2;009;10;02;"Sub cuentas de sub cuenta Aux";"KM MOTOS COMAYAGÜELA"
6;1;2;009;10;03;"Sub cuentas de sub cuenta Aux";"KM MOTOS JUTICALPA"
6;1;2;009;10;04;"Sub cuentas de sub cuenta Aux";"KM MOTOS CATACAMAS - OLANCHO"
6;1;2;009;10;05;"Sub cuentas de sub cuenta Aux";"KM MOTOS CATACAMAS 2"
6;1;2;009;10;06;"Sub cuentas de sub cuenta Aux";"KM MOTOS - LA PAZ"
6;1;2;009;10;07;"Sub cuentas de sub cuenta Aux";"KM MOTOS GUALACO"
6;1;2;009;10;08;"Sub cuentas de sub cuenta Aux";"KM MOTOS CULMI"
6;1;2;009;10;09;"Sub cuentas de sub cuenta Aux";"KM MOTOS SPS #1"
6;1;2;009;10;10;"Sub cuentas de sub cuenta Aux";"KM MOTOS SPS 2"
6;1;2;009;10;11;"Sub cuentas de sub cuenta Aux";"KM MOTOS JUTIAPA"
6;1;2;009;10;12;"Sub cuentas de sub cuenta Aux";"KM MOTOS - TOROCAGUA"
6;1;2;009;10;13;"Sub cuentas de sub cuenta Aux";"KM MOTOS TELA"
6;1;2;009;10;14;"Sub cuentas de sub cuenta Aux";"KM MOTOS EL PROGRESO"
6;1;2;009;10;15;"Sub cuentas de sub cuenta Aux";"KM MOTOS TOCOA"
6;1;2;009;10;16;"Sub cuentas de sub cuenta Aux";"KM MOTOS PEÑA BLANCA"
6;1;2;009;10;17;"Sub cuentas de sub cuenta Aux";"KM MOTOS SABA"
6;1;2;009;10;18;"Sub cuentas de sub cuenta Aux";"KM MOTOS - COUNTRY TEGUS"
6;1;2;009;10;19;"Sub cuentas de sub cuenta Aux";"KM MOTOS - EL PROGRESO 2"
6;1;2;009;10;20;"Sub cuentas de sub cuenta Aux";"KM MOTOS - SPS 3"
6;1;2;009;10;21;"Sub cuentas de sub cuenta Aux";"KM MOTOS JUTICALPA 2"
6;1;2;009;10;22;"Sub cuentas de sub cuenta Aux";SAC
6;1;2;009;11;00;"Sub cuentas del Aux";"Plan de Telefono MOTOREPUESTOS TODO EN UNO"
6;1;2;009;11;01;"Sub cuentas de sub cuenta Aux";"COMAYAGUA 2 - ALL IN ONE"
6;1;2;009;11;02;"Sub cuentas de sub cuenta Aux";"KM COMAYAGUA 4 - ALL IN ONE"
6;1;2;009;11;03;"Sub cuentas de sub cuenta Aux";"KM MOTOS COMAYAGUA #5"
6;1;2;009;11;04;"Sub cuentas de sub cuenta Aux";"KM MOTOS COMAYAGUA #6"
6;1;2;009;11;05;"Sub cuentas de sub cuenta Aux";"Comayagua 7"
6;1;2;009;11;06;"Sub cuentas de sub cuenta Aux";"ALL IN ONE - CHOLUTECA"
6;1;2;009;11;07;"Sub cuentas de sub cuenta Aux";"KM MOTOS SIGUATEPEQUE #1"
6;1;2;009;11;08;"Sub cuentas de sub cuenta Aux";"KM MOTOS SAN LORENZO"
6;1;2;009;11;09;"Sub cuentas de sub cuenta Aux";"KM MOTOS LA ESPERANZA #1"
6;1;2;009;11;10;"Sub cuentas de sub cuenta Aux";"KM MOTOS - SANTA ROSA"
6;1;2;009;11;11;"Sub cuentas de sub cuenta Aux";"KM MOTOS - SANTA BARBARA"
6;1;2;009;11;12;"Sub cuentas de sub cuenta Aux";"KM MOTOS - TALANGA"
6;1;2;009;11;13;"Sub cuentas de sub cuenta Aux";"KM MOTOS - AZACUALPA SANTA BARBARA"
6;1;2;009;11;14;"Sub cuentas de sub cuenta Aux";"KM MOTOS - LAS VEGAS SANTA BARBARA"
6;1;2;009;11;15;"Sub cuentas de sub cuenta Aux";"KM MOTOS - SIGUATEPEQUE #2"
6;1;2;009;11;16;"Sub cuentas de sub cuenta Aux";"KM MOTOS - LA ESPERANZA #2"
6;1;2;009;11;17;"Sub cuentas de sub cuenta Aux";"KM MOTOS - CHOLUTECA 2"
6;1;2;009;11;18;"Sub cuentas de sub cuenta Aux";"KM MOTOS - CHOLUTECA 3"
6;1;2;009;11;19;"Sub cuentas de sub cuenta Aux";"KM MOTOS - SANTA ROSA COPAN #2"
6;1;2;009;11;20;"Sub cuentas de sub cuenta Aux";"KM MOTOS - TAULABE"
6;1;2;009;11;21;"Sub cuentas de sub cuenta Aux";"KM MOTOS - JESUS DE OTORO"
6;1;2;009;11;22;"Sub cuentas de sub cuenta Aux";"KM MOTOS - SAN MARCOS"
6;1;2;009;11;23;"Sub cuentas de sub cuenta Aux";"KM MOTOS - SIGUATEPEQUE #3"
6;1;2;009;11;24;"Sub cuentas de sub cuenta Aux";"KM MOTO - QUIMISTAN"
6;1;2;009;12;00;"Sub cuentas del Aux";"Plan de Telefono KM CARS"
6;1;2;009;12;01;"Sub cuentas de sub cuenta Aux";"KM MOTOS - COMAYAGUA #3"
6;1;2;009;12;02;"Sub cuentas de sub cuenta Aux";"KM MOTOS - LA CUESTA #1"
6;1;2;009;12;03;"Sub cuentas de sub cuenta Aux";"KM MOTOS LA LIBERTAD"
6;1;2;009;12;04;"Sub cuentas de sub cuenta Aux";"KM MOTOS - ENTRADA COPAN"
6;1;2;009;12;05;"Sub cuentas de sub cuenta Aux";"KM MOTOS GRACIAS LEMPIRA"
6;1;2;009;12;06;"Sub cuentas de sub cuenta Aux";"KM MOTOS - MARCALA #1"
6;1;2;009;12;07;"Sub cuentas de sub cuenta Aux";"KM MOTOS DANLI"
6;1;2;009;12;08;"Sub cuentas de sub cuenta Aux";"KM MOTOS EL PARAISO"
6;1;2;009;12;09;"Sub cuentas de sub cuenta Aux";"KM MOTOS PUERTO CORTES"
6;1;2;009;12;10;"Sub cuentas de sub cuenta Aux";"KM MOTOS CHOLOMA"
6;1;2;009;12;11;"Sub cuentas de sub cuenta Aux";"KM MOTOS - VILLANUEVA"
6;1;2;009;12;12;"Sub cuentas de sub cuenta Aux";"KM MOTOS LA CEIBA"
6;1;2;009;12;13;"Sub cuentas de sub cuenta Aux";"KM MOTOS - MARCALA 2"
6;1;2;009;12;14;"Sub cuentas de sub cuenta Aux";"KM MOTOS - LA ENTRADA #2"
6;1;2;009;12;15;"Sub cuentas de sub cuenta Aux";"KM MOTOS - YORO, YORO"
6;1;2;009;12;16;"Sub cuentas de sub cuenta Aux";"KM MOTOS - MORAZAN YORO"
6;1;2;009;12;17;"Sub cuentas de sub cuenta Aux";"KM MOTOS - SANTA CRUZ DE YOJOA"
6;1;2;009;12;18;"Sub cuentas de sub cuenta Aux";"KM MOTOS - LA CUESTA #2"
6;1;2;009;12;19;"Sub cuentas de sub cuenta Aux";"KM MOTOS - TROJES"
6;1;2;009;12;20;"Sub cuentas de sub cuenta Aux";"KM MOTOS SAN JUAN"
6;1;2;009;12;21;"Sub cuentas de sub cuenta Aux";"KM MOTOS - DANLI 2"
6;1;2;009;12;22;"Sub cuentas de sub cuenta Aux";"KM MOTOS - LEPAERA"
6;1;2;010;00;00;Auxiliar;Publicidad
6;1;2;010;11;00;"Sub cuentas del Aux";"Publicidad KM motos"
6;1;2;010;11;01;"Sub cuentas de sub cuenta Aux";"KM MOTOS COMAYAGUA"
6;1;2;010;11;02;"Sub cuentas de sub cuenta Aux";"KM MOTOS COMAYAGÜELA"
6;1;2;010;11;03;"Sub cuentas de sub cuenta Aux";"KM MOTOS JUTICALPA"
6;1;2;010;11;04;"Sub cuentas de sub cuenta Aux";"KM MOTOS CATACAMAS - OLANCHO"
6;1;2;010;11;05;"Sub cuentas de sub cuenta Aux";"KM MOTOS CATACAMAS 2"
6;1;2;010;11;06;"Sub cuentas de sub cuenta Aux";"KM MOTOS - LA PAZ"
6;1;2;010;11;07;"Sub cuentas de sub cuenta Aux";"KM MOTOS GUALACO"
6;1;2;010;11;08;"Sub cuentas de sub cuenta Aux";"KM MOTOS CULMI"
6;1;2;010;11;09;"Sub cuentas de sub cuenta Aux";"KM MOTOS SPS #1"
6;1;2;010;11;10;"Sub cuentas de sub cuenta Aux";"KM MOTOS SPS 2"
6;1;2;010;11;11;"Sub cuentas de sub cuenta Aux";"KM MOTOS JUTIAPA"
6;1;2;010;11;12;"Sub cuentas de sub cuenta Aux";"KM MOTOS - TOROCAGUA"
6;1;2;010;11;13;"Sub cuentas de sub cuenta Aux";"KM MOTOS TELA"
6;1;2;010;11;14;"Sub cuentas de sub cuenta Aux";"KM MOTOS EL PROGRESO"
6;1;2;010;11;15;"Sub cuentas de sub cuenta Aux";"KM MOTOS TOCOA"
6;1;2;010;11;16;"Sub cuentas de sub cuenta Aux";"KM MOTOS PEÑA BLANCA"
6;1;2;010;11;17;"Sub cuentas de sub cuenta Aux";"KM MOTOS SABA"
6;1;2;010;11;18;"Sub cuentas de sub cuenta Aux";"KM MOTOS - COUNTRY TEGUS"
6;1;2;010;11;19;"Sub cuentas de sub cuenta Aux";"KM MOTOS - EL PROGRESO 2"
6;1;2;010;11;20;"Sub cuentas de sub cuenta Aux";"KM MOTOS - SPS 3"
6;1;2;010;11;21;"Sub cuentas de sub cuenta Aux";"KM MOTOS JUTICALPA 2"
6;1;2;010;11;22;"Sub cuentas de sub cuenta Aux";SAC
6;1;2;010;12;00;"Sub cuentas del Aux";"Publicidad MOTOREPUESTOS TODO EN UNO"
6;1;2;010;12;01;"Sub cuentas de sub cuenta Aux";"COMAYAGUA 2 - ALL IN ONE"
6;1;2;010;12;02;"Sub cuentas de sub cuenta Aux";"KM COMAYAGUA 4 - ALL IN ONE"
6;1;2;010;12;03;"Sub cuentas de sub cuenta Aux";"KM MOTOS COMAYAGUA #5"
6;1;2;010;12;04;"Sub cuentas de sub cuenta Aux";"KM MOTOS COMAYAGUA #6"
6;1;2;010;12;05;"Sub cuentas de sub cuenta Aux";"Comayagua 7"
6;1;2;010;12;06;"Sub cuentas de sub cuenta Aux";"ALL IN ONE - CHOLUTECA"
6;1;2;010;12;07;"Sub cuentas de sub cuenta Aux";"KM MOTOS SIGUATEPEQUE #1"
6;1;2;010;12;08;"Sub cuentas de sub cuenta Aux";"KM MOTOS SAN LORENZO"
6;1;2;010;12;09;"Sub cuentas de sub cuenta Aux";"KM MOTOS LA ESPERANZA #1"
6;1;2;010;12;10;"Sub cuentas de sub cuenta Aux";"KM MOTOS - SANTA ROSA"
6;1;2;010;12;11;"Sub cuentas de sub cuenta Aux";"KM MOTOS - SANTA BARBARA"
6;1;2;010;12;12;"Sub cuentas de sub cuenta Aux";"KM MOTOS - TALANGA"
6;1;2;010;12;13;"Sub cuentas de sub cuenta Aux";"KM MOTOS - AZACUALPA SANTA BARBARA"
6;1;2;010;12;14;"Sub cuentas de sub cuenta Aux";"KM MOTOS - LAS VEGAS SANTA BARBARA"
6;1;2;010;12;15;"Sub cuentas de sub cuenta Aux";"KM MOTOS - SIGUATEPEQUE #2"
6;1;2;010;12;16;"Sub cuentas de sub cuenta Aux";"KM MOTOS - LA ESPERANZA #2"
6;1;2;010;12;17;"Sub cuentas de sub cuenta Aux";"KM MOTOS - CHOLUTECA 2"
6;1;2;010;12;18;"Sub cuentas de sub cuenta Aux";"KM MOTOS - CHOLUTECA 3"
6;1;2;010;12;19;"Sub cuentas de sub cuenta Aux";"KM MOTOS - SANTA ROSA COPAN #2"
6;1;2;010;12;20;"Sub cuentas de sub cuenta Aux";"KM MOTOS - TAULABE"
6;1;2;010;12;21;"Sub cuentas de sub cuenta Aux";"KM MOTOS - JESUS DE OTORO"
6;1;2;010;12;22;"Sub cuentas de sub cuenta Aux";"KM MOTOS - SAN MARCOS"
6;1;2;010;12;23;"Sub cuentas de sub cuenta Aux";"KM MOTOS - SIGUATEPEQUE #3"
6;1;2;010;12;24;"Sub cuentas de sub cuenta Aux";"KM MOTO - QUIMISTAN"
6;1;2;010;13;00;"Sub cuentas del Aux";"Publicidad KM CARS"
6;1;2;010;13;01;"Sub cuentas de sub cuenta Aux";"KM MOTOS - COMAYAGUA #3"
6;1;2;010;13;02;"Sub cuentas de sub cuenta Aux";"KM MOTOS - LA CUESTA #1"
6;1;2;010;13;03;"Sub cuentas de sub cuenta Aux";"KM MOTOS LA LIBERTAD"
6;1;2;010;13;04;"Sub cuentas de sub cuenta Aux";"KM MOTOS - ENTRADA COPAN"
6;1;2;010;13;05;"Sub cuentas de sub cuenta Aux";"KM MOTOS GRACIAS LEMPIRA"
6;1;2;010;13;06;"Sub cuentas de sub cuenta Aux";"KM MOTOS - MARCALA #1"
6;1;2;010;13;07;"Sub cuentas de sub cuenta Aux";"KM MOTOS DANLI"
6;1;2;010;13;08;"Sub cuentas de sub cuenta Aux";"KM MOTOS EL PARAISO"
6;1;2;010;13;09;"Sub cuentas de sub cuenta Aux";"KM MOTOS PUERTO CORTES"
6;1;2;010;13;10;"Sub cuentas de sub cuenta Aux";"KM MOTOS CHOLOMA"
6;1;2;010;13;11;"Sub cuentas de sub cuenta Aux";"KM MOTOS - VILLANUEVA"
6;1;2;010;13;12;"Sub cuentas de sub cuenta Aux";"KM MOTOS LA CEIBA"
6;1;2;010;13;13;"Sub cuentas de sub cuenta Aux";"KM MOTOS - MARCALA 2"
6;1;2;010;13;14;"Sub cuentas de sub cuenta Aux";"KM MOTOS - LA ENTRADA #2"
6;1;2;010;13;15;"Sub cuentas de sub cuenta Aux";"KM MOTOS - YORO, YORO"
6;1;2;010;13;16;"Sub cuentas de sub cuenta Aux";"KM MOTOS - MORAZAN YORO"
6;1;2;010;13;17;"Sub cuentas de sub cuenta Aux";"KM MOTOS - SANTA CRUZ DE YOJOA"
6;1;2;010;13;18;"Sub cuentas de sub cuenta Aux";"KM MOTOS - LA CUESTA #2"
6;1;2;010;13;19;"Sub cuentas de sub cuenta Aux";"KM MOTOS - TROJES"
6;1;2;010;13;20;"Sub cuentas de sub cuenta Aux";"KM MOTOS SAN JUAN"
6;1;2;010;13;21;"Sub cuentas de sub cuenta Aux";"KM MOTOS - DANLI 2"
6;1;2;010;13;22;"Sub cuentas de sub cuenta Aux";"KM MOTOS - LEPAERA"
6;1;2;011;00;00;Auxiliar;"Combustibles y Lubricantes"
6;1;2;011;12;00;"Sub cuentas del Aux";"Combustibles y Lubricantes KM motos"
6;1;2;011;12;01;"Sub cuentas de sub cuenta Aux";"KM MOTOS COMAYAGUA"
6;1;2;011;12;02;"Sub cuentas de sub cuenta Aux";"KM MOTOS COMAYAGÜELA"
6;1;2;011;12;03;"Sub cuentas de sub cuenta Aux";"KM MOTOS JUTICALPA"
6;1;2;011;12;04;"Sub cuentas de sub cuenta Aux";"KM MOTOS CATACAMAS - OLANCHO"
6;1;2;011;12;05;"Sub cuentas de sub cuenta Aux";"KM MOTOS CATACAMAS 2"
6;1;2;011;12;06;"Sub cuentas de sub cuenta Aux";"KM MOTOS - LA PAZ"
6;1;2;011;12;07;"Sub cuentas de sub cuenta Aux";"KM MOTOS GUALACO"
6;1;2;011;12;08;"Sub cuentas de sub cuenta Aux";"KM MOTOS CULMI"
6;1;2;011;12;09;"Sub cuentas de sub cuenta Aux";"KM MOTOS SPS #1"
6;1;2;011;12;10;"Sub cuentas de sub cuenta Aux";"KM MOTOS SPS 2"
6;1;2;011;12;11;"Sub cuentas de sub cuenta Aux";"KM MOTOS JUTIAPA"
6;1;2;011;12;12;"Sub cuentas de sub cuenta Aux";"KM MOTOS - TOROCAGUA"
6;1;2;011;12;13;"Sub cuentas de sub cuenta Aux";"KM MOTOS TELA"
6;1;2;011;12;14;"Sub cuentas de sub cuenta Aux";"KM MOTOS EL PROGRESO"
6;1;2;011;12;15;"Sub cuentas de sub cuenta Aux";"KM MOTOS TOCOA"
6;1;2;011;12;16;"Sub cuentas de sub cuenta Aux";"KM MOTOS PEÑA BLANCA"
6;1;2;011;12;17;"Sub cuentas de sub cuenta Aux";"KM MOTOS SABA"
6;1;2;011;12;18;"Sub cuentas de sub cuenta Aux";"KM MOTOS - COUNTRY TEGUS"
6;1;2;011;12;19;"Sub cuentas de sub cuenta Aux";"KM MOTOS - EL PROGRESO 2"
6;1;2;011;12;20;"Sub cuentas de sub cuenta Aux";"KM MOTOS - SPS 3"
6;1;2;011;12;21;"Sub cuentas de sub cuenta Aux";"KM MOTOS JUTICALPA 2"
6;1;2;011;12;22;"Sub cuentas de sub cuenta Aux";SAC
6;1;2;011;13;00;"Sub cuentas del Aux";"Combustibles y Lubricantes MOTOREPUESTOS TODO EN UNO"
6;1;2;011;13;01;"Sub cuentas de sub cuenta Aux";"COMAYAGUA 2 - ALL IN ONE"
6;1;2;011;13;02;"Sub cuentas de sub cuenta Aux";"KM COMAYAGUA 4 - ALL IN ONE"
6;1;2;011;13;03;"Sub cuentas de sub cuenta Aux";"KM MOTOS COMAYAGUA #5"
6;1;2;011;13;04;"Sub cuentas de sub cuenta Aux";"KM MOTOS COMAYAGUA #6"
6;1;2;011;13;05;"Sub cuentas de sub cuenta Aux";"Comayagua 7"
6;1;2;011;13;06;"Sub cuentas de sub cuenta Aux";"ALL IN ONE - CHOLUTECA"
6;1;2;011;13;07;"Sub cuentas de sub cuenta Aux";"KM MOTOS SIGUATEPEQUE #1"
6;1;2;011;13;08;"Sub cuentas de sub cuenta Aux";"KM MOTOS SAN LORENZO"
6;1;2;011;13;09;"Sub cuentas de sub cuenta Aux";"KM MOTOS LA ESPERANZA #1"
6;1;2;011;13;10;"Sub cuentas de sub cuenta Aux";"KM MOTOS - SANTA ROSA"
6;1;2;011;13;11;"Sub cuentas de sub cuenta Aux";"KM MOTOS - SANTA BARBARA"
6;1;2;011;13;12;"Sub cuentas de sub cuenta Aux";"KM MOTOS - TALANGA"
6;1;2;011;13;13;"Sub cuentas de sub cuenta Aux";"KM MOTOS - AZACUALPA SANTA BARBARA"
6;1;2;011;13;14;"Sub cuentas de sub cuenta Aux";"KM MOTOS - LAS VEGAS SANTA BARBARA"
6;1;2;011;13;15;"Sub cuentas de sub cuenta Aux";"KM MOTOS - SIGUATEPEQUE #2"
6;1;2;011;13;16;"Sub cuentas de sub cuenta Aux";"KM MOTOS - LA ESPERANZA #2"
6;1;2;011;13;17;"Sub cuentas de sub cuenta Aux";"KM MOTOS - CHOLUTECA 2"
6;1;2;011;13;18;"Sub cuentas de sub cuenta Aux";"KM MOTOS - CHOLUTECA 3"
6;1;2;011;13;19;"Sub cuentas de sub cuenta Aux";"KM MOTOS - SANTA ROSA COPAN #2"
6;1;2;011;13;20;"Sub cuentas de sub cuenta Aux";"KM MOTOS - TAULABE"
6;1;2;011;13;21;"Sub cuentas de sub cuenta Aux";"KM MOTOS - JESUS DE OTORO"
6;1;2;011;13;22;"Sub cuentas de sub cuenta Aux";"KM MOTOS - SAN MARCOS"
6;1;2;011;13;23;"Sub cuentas de sub cuenta Aux";"KM MOTOS - SIGUATEPEQUE #3"
6;1;2;011;13;24;"Sub cuentas de sub cuenta Aux";"KM MOTO - QUIMISTAN"
6;1;2;011;14;00;"Sub cuentas del Aux";"Combustibles y Lubricantes KM CARS"
6;1;2;011;14;01;"Sub cuentas de sub cuenta Aux";"KM MOTOS - COMAYAGUA #3"
6;1;2;011;14;02;"Sub cuentas de sub cuenta Aux";"KM MOTOS - LA CUESTA #1"
6;1;2;011;14;03;"Sub cuentas de sub cuenta Aux";"KM MOTOS LA LIBERTAD"
6;1;2;011;14;04;"Sub cuentas de sub cuenta Aux";"KM MOTOS - ENTRADA COPAN"
6;1;2;011;14;05;"Sub cuentas de sub cuenta Aux";"KM MOTOS GRACIAS LEMPIRA"
6;1;2;011;14;06;"Sub cuentas de sub cuenta Aux";"KM MOTOS - MARCALA #1"
6;1;2;011;14;07;"Sub cuentas de sub cuenta Aux";"KM MOTOS DANLI"
6;1;2;011;14;08;"Sub cuentas de sub cuenta Aux";"KM MOTOS EL PARAISO"
6;1;2;011;14;09;"Sub cuentas de sub cuenta Aux";"KM MOTOS PUERTO CORTES"
6;1;2;011;14;10;"Sub cuentas de sub cuenta Aux";"KM MOTOS CHOLOMA"
6;1;2;011;14;11;"Sub cuentas de sub cuenta Aux";"KM MOTOS - VILLANUEVA"
6;1;2;011;14;12;"Sub cuentas de sub cuenta Aux";"KM MOTOS LA CEIBA"
6;1;2;011;14;13;"Sub cuentas de sub cuenta Aux";"KM MOTOS - MARCALA 2"
6;1;2;011;14;14;"Sub cuentas de sub cuenta Aux";"KM MOTOS - LA ENTRADA #2"
6;1;2;011;14;15;"Sub cuentas de sub cuenta Aux";"KM MOTOS - YORO, YORO"
6;1;2;011;14;16;"Sub cuentas de sub cuenta Aux";"KM MOTOS - MORAZAN YORO"
6;1;2;011;14;17;"Sub cuentas de sub cuenta Aux";"KM MOTOS - SANTA CRUZ DE YOJOA"
6;1;2;011;14;18;"Sub cuentas de sub cuenta Aux";"KM MOTOS - LA CUESTA #2"
6;1;2;011;14;19;"Sub cuentas de sub cuenta Aux";"KM MOTOS - TROJES"
6;1;2;011;14;20;"Sub cuentas de sub cuenta Aux";"KM MOTOS SAN JUAN"
6;1;2;011;14;21;"Sub cuentas de sub cuenta Aux";"KM MOTOS - DANLI 2"
6;1;2;011;14;22;"Sub cuentas de sub cuenta Aux";"KM MOTOS - LEPAERA"
6;1;2;012;00;00;Auxiliar;"Reparacion de Vehiculo"
6;1;2;012;13;00;"Sub cuentas del Aux";"Reparacion de Vehiculo KM motos"
6;1;2;012;13;01;"Sub cuentas de sub cuenta Aux";"KM MOTOS COMAYAGUA"
6;1;2;012;13;02;"Sub cuentas de sub cuenta Aux";"KM MOTOS COMAYAGÜELA"
6;1;2;012;13;03;"Sub cuentas de sub cuenta Aux";"KM MOTOS JUTICALPA"
6;1;2;012;13;04;"Sub cuentas de sub cuenta Aux";"KM MOTOS CATACAMAS - OLANCHO"
6;1;2;012;13;05;"Sub cuentas de sub cuenta Aux";"KM MOTOS CATACAMAS 2"
6;1;2;012;13;06;"Sub cuentas de sub cuenta Aux";"KM MOTOS - LA PAZ"
6;1;2;012;13;07;"Sub cuentas de sub cuenta Aux";"KM MOTOS GUALACO"
6;1;2;012;13;08;"Sub cuentas de sub cuenta Aux";"KM MOTOS CULMI"
6;1;2;012;13;09;"Sub cuentas de sub cuenta Aux";"KM MOTOS SPS #1"
6;1;2;012;13;10;"Sub cuentas de sub cuenta Aux";"KM MOTOS SPS 2"
6;1;2;012;13;11;"Sub cuentas de sub cuenta Aux";"KM MOTOS JUTIAPA"
6;1;2;012;13;12;"Sub cuentas de sub cuenta Aux";"KM MOTOS - TOROCAGUA"
6;1;2;012;13;13;"Sub cuentas de sub cuenta Aux";"KM MOTOS TELA"
6;1;2;012;13;14;"Sub cuentas de sub cuenta Aux";"KM MOTOS EL PROGRESO"
6;1;2;012;13;15;"Sub cuentas de sub cuenta Aux";"KM MOTOS TOCOA"
6;1;2;012;13;16;"Sub cuentas de sub cuenta Aux";"KM MOTOS PEÑA BLANCA"
6;1;2;012;13;17;"Sub cuentas de sub cuenta Aux";"KM MOTOS SABA"
6;1;2;012;13;18;"Sub cuentas de sub cuenta Aux";"KM MOTOS - COUNTRY TEGUS"
6;1;2;012;13;19;"Sub cuentas de sub cuenta Aux";"KM MOTOS - EL PROGRESO 2"
6;1;2;012;13;20;"Sub cuentas de sub cuenta Aux";"KM MOTOS - SPS 3"
6;1;2;012;13;21;"Sub cuentas de sub cuenta Aux";"KM MOTOS JUTICALPA 2"
6;1;2;012;13;22;"Sub cuentas de sub cuenta Aux";SAC
6;1;2;012;14;00;"Sub cuentas del Aux";"Reparacion de Vehiculo MOTOREPUESTOS TODO EN UNO"
6;1;2;012;14;01;"Sub cuentas de sub cuenta Aux";"COMAYAGUA 2 - ALL IN ONE"
6;1;2;012;14;02;"Sub cuentas de sub cuenta Aux";"KM COMAYAGUA 4 - ALL IN ONE"
6;1;2;012;14;03;"Sub cuentas de sub cuenta Aux";"KM MOTOS COMAYAGUA #5"
6;1;2;012;14;04;"Sub cuentas de sub cuenta Aux";"KM MOTOS COMAYAGUA #6"
6;1;2;012;14;05;"Sub cuentas de sub cuenta Aux";"Comayagua 7"
6;1;2;012;14;06;"Sub cuentas de sub cuenta Aux";"ALL IN ONE - CHOLUTECA"
6;1;2;012;14;07;"Sub cuentas de sub cuenta Aux";"KM MOTOS SIGUATEPEQUE #1"
6;1;2;012;14;08;"Sub cuentas de sub cuenta Aux";"KM MOTOS SAN LORENZO"
6;1;2;012;14;09;"Sub cuentas de sub cuenta Aux";"KM MOTOS LA ESPERANZA #1"
6;1;2;012;14;10;"Sub cuentas de sub cuenta Aux";"KM MOTOS - SANTA ROSA"
6;1;2;012;14;11;"Sub cuentas de sub cuenta Aux";"KM MOTOS - SANTA BARBARA"
6;1;2;012;14;12;"Sub cuentas de sub cuenta Aux";"KM MOTOS - TALANGA"
6;1;2;012;14;13;"Sub cuentas de sub cuenta Aux";"KM MOTOS - AZACUALPA SANTA BARBARA"
6;1;2;012;14;14;"Sub cuentas de sub cuenta Aux";"KM MOTOS - LAS VEGAS SANTA BARBARA"
6;1;2;012;14;15;"Sub cuentas de sub cuenta Aux";"KM MOTOS - SIGUATEPEQUE #2"
6;1;2;012;14;16;"Sub cuentas de sub cuenta Aux";"KM MOTOS - LA ESPERANZA #2"
6;1;2;012;14;17;"Sub cuentas de sub cuenta Aux";"KM MOTOS - CHOLUTECA 2"
6;1;2;012;14;18;"Sub cuentas de sub cuenta Aux";"KM MOTOS - CHOLUTECA 3"
6;1;2;012;14;19;"Sub cuentas de sub cuenta Aux";"KM MOTOS - SANTA ROSA COPAN #2"
6;1;2;012;14;20;"Sub cuentas de sub cuenta Aux";"KM MOTOS - TAULABE"
6;1;2;012;14;21;"Sub cuentas de sub cuenta Aux";"KM MOTOS - JESUS DE OTORO"
6;1;2;012;14;22;"Sub cuentas de sub cuenta Aux";"KM MOTOS - SAN MARCOS"
6;1;2;012;14;23;"Sub cuentas de sub cuenta Aux";"KM MOTOS - SIGUATEPEQUE #3"
6;1;2;012;14;24;"Sub cuentas de sub cuenta Aux";"KM MOTO - QUIMISTAN"
6;1;2;012;15;00;"Sub cuentas del Aux";"Reparacion de Vehiculo KM CARS"
6;1;2;012;15;01;"Sub cuentas de sub cuenta Aux";"KM MOTOS - COMAYAGUA #3"
6;1;2;012;15;02;"Sub cuentas de sub cuenta Aux";"KM MOTOS - LA CUESTA #1"
6;1;2;012;15;03;"Sub cuentas de sub cuenta Aux";"KM MOTOS LA LIBERTAD"
6;1;2;012;15;04;"Sub cuentas de sub cuenta Aux";"KM MOTOS - ENTRADA COPAN"
6;1;2;012;15;05;"Sub cuentas de sub cuenta Aux";"KM MOTOS GRACIAS LEMPIRA"
6;1;2;012;15;06;"Sub cuentas de sub cuenta Aux";"KM MOTOS - MARCALA #1"
6;1;2;012;15;07;"Sub cuentas de sub cuenta Aux";"KM MOTOS DANLI"
6;1;2;012;15;08;"Sub cuentas de sub cuenta Aux";"KM MOTOS EL PARAISO"
6;1;2;012;15;09;"Sub cuentas de sub cuenta Aux";"KM MOTOS PUERTO CORTES"
6;1;2;012;15;10;"Sub cuentas de sub cuenta Aux";"KM MOTOS CHOLOMA"
6;1;2;012;15;11;"Sub cuentas de sub cuenta Aux";"KM MOTOS - VILLANUEVA"
6;1;2;012;15;12;"Sub cuentas de sub cuenta Aux";"KM MOTOS LA CEIBA"
6;1;2;012;15;13;"Sub cuentas de sub cuenta Aux";"KM MOTOS - MARCALA 2"
6;1;2;012;15;14;"Sub cuentas de sub cuenta Aux";"KM MOTOS - LA ENTRADA #2"
6;1;2;012;15;15;"Sub cuentas de sub cuenta Aux";"KM MOTOS - YORO, YORO"
6;1;2;012;15;16;"Sub cuentas de sub cuenta Aux";"KM MOTOS - MORAZAN YORO"
6;1;2;012;15;17;"Sub cuentas de sub cuenta Aux";"KM MOTOS - SANTA CRUZ DE YOJOA"
6;1;2;012;15;18;"Sub cuentas de sub cuenta Aux";"KM MOTOS - LA CUESTA #2"
6;1;2;012;15;19;"Sub cuentas de sub cuenta Aux";"KM MOTOS - TROJES"
6;1;2;012;15;20;"Sub cuentas de sub cuenta Aux";"KM MOTOS SAN JUAN"
6;1;2;012;15;21;"Sub cuentas de sub cuenta Aux";"KM MOTOS - DANLI 2"
6;1;2;012;15;22;"Sub cuentas de sub cuenta Aux";"KM MOTOS - LEPAERA"
6;1;2;013;00;00;Auxiliar;Envios
6;1;2;013;14;00;"Sub cuentas del Aux";"Envios KM motos"
6;1;2;013;14;01;"Sub cuentas de sub cuenta Aux";"KM MOTOS COMAYAGUA"
6;1;2;013;14;02;"Sub cuentas de sub cuenta Aux";"KM MOTOS COMAYAGÜELA"
6;1;2;013;14;03;"Sub cuentas de sub cuenta Aux";"KM MOTOS JUTICALPA"
6;1;2;013;14;04;"Sub cuentas de sub cuenta Aux";"KM MOTOS CATACAMAS - OLANCHO"
6;1;2;013;14;05;"Sub cuentas de sub cuenta Aux";"KM MOTOS CATACAMAS 2"
6;1;2;013;14;06;"Sub cuentas de sub cuenta Aux";"KM MOTOS - LA PAZ"
6;1;2;013;14;07;"Sub cuentas de sub cuenta Aux";"KM MOTOS GUALACO"
6;1;2;013;14;08;"Sub cuentas de sub cuenta Aux";"KM MOTOS CULMI"
6;1;2;013;14;09;"Sub cuentas de sub cuenta Aux";"KM MOTOS SPS #1"
6;1;2;013;14;10;"Sub cuentas de sub cuenta Aux";"KM MOTOS SPS 2"
6;1;2;013;14;11;"Sub cuentas de sub cuenta Aux";"KM MOTOS JUTIAPA"
6;1;2;013;14;12;"Sub cuentas de sub cuenta Aux";"KM MOTOS - TOROCAGUA"
6;1;2;013;14;13;"Sub cuentas de sub cuenta Aux";"KM MOTOS TELA"
6;1;2;013;14;14;"Sub cuentas de sub cuenta Aux";"KM MOTOS EL PROGRESO"
6;1;2;013;14;15;"Sub cuentas de sub cuenta Aux";"KM MOTOS TOCOA"
6;1;2;013;14;16;"Sub cuentas de sub cuenta Aux";"KM MOTOS PEÑA BLANCA"
6;1;2;013;14;17;"Sub cuentas de sub cuenta Aux";"KM MOTOS SABA"
6;1;2;013;14;18;"Sub cuentas de sub cuenta Aux";"KM MOTOS - COUNTRY TEGUS"
6;1;2;013;14;19;"Sub cuentas de sub cuenta Aux";"KM MOTOS - EL PROGRESO 2"
6;1;2;013;14;20;"Sub cuentas de sub cuenta Aux";"KM MOTOS - SPS 3"
6;1;2;013;14;21;"Sub cuentas de sub cuenta Aux";"KM MOTOS JUTICALPA 2"
6;1;2;013;14;22;"Sub cuentas de sub cuenta Aux";SAC
6;1;2;013;15;00;"Sub cuentas del Aux";"Envios MOTOREPUESTOS TODO EN UNO"
6;1;2;013;15;01;"Sub cuentas de sub cuenta Aux";"COMAYAGUA 2 - ALL IN ONE"
6;1;2;013;15;02;"Sub cuentas de sub cuenta Aux";"KM COMAYAGUA 4 - ALL IN ONE"
6;1;2;013;15;03;"Sub cuentas de sub cuenta Aux";"KM MOTOS COMAYAGUA #5"
6;1;2;013;15;04;"Sub cuentas de sub cuenta Aux";"KM MOTOS COMAYAGUA #6"
6;1;2;013;15;05;"Sub cuentas de sub cuenta Aux";"Comayagua 7"
6;1;2;013;15;06;"Sub cuentas de sub cuenta Aux";"ALL IN ONE - CHOLUTECA"
6;1;2;013;15;07;"Sub cuentas de sub cuenta Aux";"KM MOTOS SIGUATEPEQUE #1"
6;1;2;013;15;08;"Sub cuentas de sub cuenta Aux";"KM MOTOS SAN LORENZO"
6;1;2;013;15;09;"Sub cuentas de sub cuenta Aux";"KM MOTOS LA ESPERANZA #1"
6;1;2;013;15;10;"Sub cuentas de sub cuenta Aux";"KM MOTOS - SANTA ROSA"
6;1;2;013;15;11;"Sub cuentas de sub cuenta Aux";"KM MOTOS - SANTA BARBARA"
6;1;2;013;15;12;"Sub cuentas de sub cuenta Aux";"KM MOTOS - TALANGA"
6;1;2;013;15;13;"Sub cuentas de sub cuenta Aux";"KM MOTOS - AZACUALPA SANTA BARBARA"
6;1;2;013;15;14;"Sub cuentas de sub cuenta Aux";"KM MOTOS - LAS VEGAS SANTA BARBARA"
6;1;2;013;15;15;"Sub cuentas de sub cuenta Aux";"KM MOTOS - SIGUATEPEQUE #2"
6;1;2;013;15;16;"Sub cuentas de sub cuenta Aux";"KM MOTOS - LA ESPERANZA #2"
6;1;2;013;15;17;"Sub cuentas de sub cuenta Aux";"KM MOTOS - CHOLUTECA 2"
6;1;2;013;15;18;"Sub cuentas de sub cuenta Aux";"KM MOTOS - CHOLUTECA 3"
6;1;2;013;15;19;"Sub cuentas de sub cuenta Aux";"KM MOTOS - SANTA ROSA COPAN #2"
6;1;2;013;15;20;"Sub cuentas de sub cuenta Aux";"KM MOTOS - TAULABE"
6;1;2;013;15;21;"Sub cuentas de sub cuenta Aux";"KM MOTOS - JESUS DE OTORO"
6;1;2;013;15;22;"Sub cuentas de sub cuenta Aux";"KM MOTOS - SAN MARCOS"
6;1;2;013;15;23;"Sub cuentas de sub cuenta Aux";"KM MOTOS - SIGUATEPEQUE #3"
6;1;2;013;15;24;"Sub cuentas de sub cuenta Aux";"KM MOTO - QUIMISTAN"
6;1;2;013;16;00;"Sub cuentas del Aux";"Envios KM CARS"
6;1;2;013;16;01;"Sub cuentas de sub cuenta Aux";"KM MOTOS - COMAYAGUA #3"
6;1;2;013;16;02;"Sub cuentas de sub cuenta Aux";"KM MOTOS - LA CUESTA #1"
6;1;2;013;16;03;"Sub cuentas de sub cuenta Aux";"KM MOTOS LA LIBERTAD"
6;1;2;013;16;04;"Sub cuentas de sub cuenta Aux";"KM MOTOS - ENTRADA COPAN"
6;1;2;013;16;05;"Sub cuentas de sub cuenta Aux";"KM MOTOS GRACIAS LEMPIRA"
6;1;2;013;16;06;"Sub cuentas de sub cuenta Aux";"KM MOTOS - MARCALA #1"
6;1;2;013;16;07;"Sub cuentas de sub cuenta Aux";"KM MOTOS DANLI"
6;1;2;013;16;08;"Sub cuentas de sub cuenta Aux";"KM MOTOS EL PARAISO"
6;1;2;013;16;09;"Sub cuentas de sub cuenta Aux";"KM MOTOS PUERTO CORTES"
6;1;2;013;16;10;"Sub cuentas de sub cuenta Aux";"KM MOTOS CHOLOMA"
6;1;2;013;16;11;"Sub cuentas de sub cuenta Aux";"KM MOTOS - VILLANUEVA"
6;1;2;013;16;12;"Sub cuentas de sub cuenta Aux";"KM MOTOS LA CEIBA"
6;1;2;013;16;13;"Sub cuentas de sub cuenta Aux";"KM MOTOS - MARCALA 2"
6;1;2;013;16;14;"Sub cuentas de sub cuenta Aux";"KM MOTOS - LA ENTRADA #2"
6;1;2;013;16;15;"Sub cuentas de sub cuenta Aux";"KM MOTOS - YORO, YORO"
6;1;2;013;16;16;"Sub cuentas de sub cuenta Aux";"KM MOTOS - MORAZAN YORO"
6;1;2;013;16;17;"Sub cuentas de sub cuenta Aux";"KM MOTOS - SANTA CRUZ DE YOJOA"
6;1;2;013;16;18;"Sub cuentas de sub cuenta Aux";"KM MOTOS - LA CUESTA #2"
6;1;2;013;16;19;"Sub cuentas de sub cuenta Aux";"KM MOTOS - TROJES"
6;1;2;013;16;20;"Sub cuentas de sub cuenta Aux";"KM MOTOS SAN JUAN"
6;1;2;013;16;21;"Sub cuentas de sub cuenta Aux";"KM MOTOS - DANLI 2"
6;1;2;013;16;22;"Sub cuentas de sub cuenta Aux";"KM MOTOS - LEPAERA"
6;1;2;014;00;00;Auxiliar;"Gastos Menores"
6;1;2;014;14;00;"Sub cuentas del Aux";"Gastos Menores KM motos"
6;1;2;014;14;01;"Sub cuentas de sub cuenta Aux";"KM MOTOS COMAYAGUA"
6;1;2;014;14;02;"Sub cuentas de sub cuenta Aux";"KM MOTOS COMAYAGÜELA"
6;1;2;014;14;03;"Sub cuentas de sub cuenta Aux";"KM MOTOS JUTICALPA"
6;1;2;014;14;04;"Sub cuentas de sub cuenta Aux";"KM MOTOS CATACAMAS - OLANCHO"
6;1;2;014;14;05;"Sub cuentas de sub cuenta Aux";"KM MOTOS CATACAMAS 2"
6;1;2;014;14;06;"Sub cuentas de sub cuenta Aux";"KM MOTOS - LA PAZ"
6;1;2;014;14;07;"Sub cuentas de sub cuenta Aux";"KM MOTOS GUALACO"
6;1;2;014;14;08;"Sub cuentas de sub cuenta Aux";"KM MOTOS CULMI"
6;1;2;014;14;09;"Sub cuentas de sub cuenta Aux";"KM MOTOS SPS #1"
6;1;2;014;14;10;"Sub cuentas de sub cuenta Aux";"KM MOTOS SPS 2"
6;1;2;014;14;11;"Sub cuentas de sub cuenta Aux";"KM MOTOS JUTIAPA"
6;1;2;014;14;12;"Sub cuentas de sub cuenta Aux";"KM MOTOS - TOROCAGUA"
6;1;2;014;14;13;"Sub cuentas de sub cuenta Aux";"KM MOTOS TELA"
6;1;2;014;14;14;"Sub cuentas de sub cuenta Aux";"KM MOTOS EL PROGRESO"
6;1;2;014;14;15;"Sub cuentas de sub cuenta Aux";"KM MOTOS TOCOA"
6;1;2;014;14;16;"Sub cuentas de sub cuenta Aux";"KM MOTOS PEÑA BLANCA"
6;1;2;014;14;17;"Sub cuentas de sub cuenta Aux";"KM MOTOS SABA"
6;1;2;014;14;18;"Sub cuentas de sub cuenta Aux";"KM MOTOS - COUNTRY TEGUS"
6;1;2;014;14;19;"Sub cuentas de sub cuenta Aux";"KM MOTOS - EL PROGRESO 2"
6;1;2;014;14;20;"Sub cuentas de sub cuenta Aux";"KM MOTOS - SPS 3"
6;1;2;014;14;21;"Sub cuentas de sub cuenta Aux";"KM MOTOS JUTICALPA 2"
6;1;2;014;14;22;"Sub cuentas de sub cuenta Aux";SAC
6;1;2;014;15;00;"Sub cuentas del Aux";"Gastos Menores MOTOREPUESTOS TODO EN UNO"
6;1;2;014;15;01;"Sub cuentas de sub cuenta Aux";"COMAYAGUA 2 - ALL IN ONE"
6;1;2;014;15;02;"Sub cuentas de sub cuenta Aux";"KM COMAYAGUA 4 - ALL IN ONE"
6;1;2;014;15;03;"Sub cuentas de sub cuenta Aux";"KM MOTOS COMAYAGUA #5"
6;1;2;014;15;04;"Sub cuentas de sub cuenta Aux";"KM MOTOS COMAYAGUA #6"
6;1;2;014;15;05;"Sub cuentas de sub cuenta Aux";"Comayagua 7"
6;1;2;014;15;06;"Sub cuentas de sub cuenta Aux";"ALL IN ONE - CHOLUTECA"
6;1;2;014;15;07;"Sub cuentas de sub cuenta Aux";"KM MOTOS SIGUATEPEQUE #1"
6;1;2;014;15;08;"Sub cuentas de sub cuenta Aux";"KM MOTOS SAN LORENZO"
6;1;2;014;15;09;"Sub cuentas de sub cuenta Aux";"KM MOTOS LA ESPERANZA #1"
6;1;2;014;15;10;"Sub cuentas de sub cuenta Aux";"KM MOTOS - SANTA ROSA"
6;1;2;014;15;11;"Sub cuentas de sub cuenta Aux";"KM MOTOS - SANTA BARBARA"
6;1;2;014;15;12;"Sub cuentas de sub cuenta Aux";"KM MOTOS - TALANGA"
6;1;2;014;15;13;"Sub cuentas de sub cuenta Aux";"KM MOTOS - AZACUALPA SANTA BARBARA"
6;1;2;014;15;14;"Sub cuentas de sub cuenta Aux";"KM MOTOS - LAS VEGAS SANTA BARBARA"
6;1;2;014;15;15;"Sub cuentas de sub cuenta Aux";"KM MOTOS - SIGUATEPEQUE #2"
6;1;2;014;15;16;"Sub cuentas de sub cuenta Aux";"KM MOTOS - LA ESPERANZA #2"
6;1;2;014;15;17;"Sub cuentas de sub cuenta Aux";"KM MOTOS - CHOLUTECA 2"
6;1;2;014;15;18;"Sub cuentas de sub cuenta Aux";"KM MOTOS - CHOLUTECA 3"
6;1;2;014;15;19;"Sub cuentas de sub cuenta Aux";"KM MOTOS - SANTA ROSA COPAN #2"
6;1;2;014;15;20;"Sub cuentas de sub cuenta Aux";"KM MOTOS - TAULABE"
6;1;2;014;15;21;"Sub cuentas de sub cuenta Aux";"KM MOTOS - JESUS DE OTORO"
6;1;2;014;15;22;"Sub cuentas de sub cuenta Aux";"KM MOTOS - SAN MARCOS"
6;1;2;014;15;23;"Sub cuentas de sub cuenta Aux";"KM MOTOS - SIGUATEPEQUE #3"
6;1;2;014;15;24;"Sub cuentas de sub cuenta Aux";"KM MOTO - QUIMISTAN"
6;1;2;014;16;00;"Sub cuentas del Aux";"Gastos Menores KM CARS"
6;1;2;014;16;01;"Sub cuentas de sub cuenta Aux";"KM MOTOS - COMAYAGUA #3"
6;1;2;014;16;02;"Sub cuentas de sub cuenta Aux";"KM MOTOS - LA CUESTA #1"
6;1;2;014;16;03;"Sub cuentas de sub cuenta Aux";"KM MOTOS LA LIBERTAD"
6;1;2;014;16;04;"Sub cuentas de sub cuenta Aux";"KM MOTOS - ENTRADA COPAN"
6;1;2;014;16;05;"Sub cuentas de sub cuenta Aux";"KM MOTOS GRACIAS LEMPIRA"
6;1;2;014;16;06;"Sub cuentas de sub cuenta Aux";"KM MOTOS - MARCALA #1"
6;1;2;014;16;07;"Sub cuentas de sub cuenta Aux";"KM MOTOS DANLI"
6;1;2;014;16;08;"Sub cuentas de sub cuenta Aux";"KM MOTOS EL PARAISO"
6;1;2;014;16;09;"Sub cuentas de sub cuenta Aux";"KM MOTOS PUERTO CORTES"
6;1;2;014;16;10;"Sub cuentas de sub cuenta Aux";"KM MOTOS CHOLOMA"
6;1;2;014;16;11;"Sub cuentas de sub cuenta Aux";"KM MOTOS - VILLANUEVA"
6;1;2;014;16;12;"Sub cuentas de sub cuenta Aux";"KM MOTOS LA CEIBA"
6;1;2;014;16;13;"Sub cuentas de sub cuenta Aux";"KM MOTOS - MARCALA 2"
6;1;2;014;16;14;"Sub cuentas de sub cuenta Aux";"KM MOTOS - LA ENTRADA #2"
6;1;2;014;16;15;"Sub cuentas de sub cuenta Aux";"KM MOTOS - YORO, YORO"
6;1;2;014;16;16;"Sub cuentas de sub cuenta Aux";"KM MOTOS - MORAZAN YORO"
6;1;2;014;16;17;"Sub cuentas de sub cuenta Aux";"KM MOTOS - SANTA CRUZ DE YOJOA"
6;1;2;014;16;18;"Sub cuentas de sub cuenta Aux";"KM MOTOS - LA CUESTA #2"
6;1;2;014;16;19;"Sub cuentas de sub cuenta Aux";"KM MOTOS - TROJES"
6;1;2;014;16;20;"Sub cuentas de sub cuenta Aux";"KM MOTOS SAN JUAN"
6;1;2;014;16;21;"Sub cuentas de sub cuenta Aux";"KM MOTOS - DANLI 2"
6;1;2;014;16;22;"Sub cuentas de sub cuenta Aux";"KM MOTOS - LEPAERA"
6;1;2;015;00;00;Auxiliar;"Mantenimiento preventivo Vehiculo"
6;1;2;016;00;00;Auxiliar;"Gastos de Viaje"
6;1;2;017;00;00;Auxiliar;"Consumo de papeleria"
6;1;2;018;00;00;Auxiliar;"Seguro de mercaderia"
6;1;2;019;00;00;Auxiliar;"Gasto por entrega de mercaderia a Cliente"
6;1;2;020;00;00;Auxiliar;"Impuesto sobre volumen de Ventas"
6;1;2;021;00;00;Auxiliar;"Depreciacion Equipo de Reparto"
6;1;2;022;00;00;Auxiliar;"Depreciacion Mobiliario y equipo"
6;1;2;023;00;00;Auxiliar;"Equipo menor"
6;1;2;024;00;00;Auxiliar;"Gastos Varios"
6;1;3;000;00;00;"Cuenta Mayor";"Gastos de Administracion"
6;1;3;001;00;00;Auxiliar;"Gastos de Administracion KM motos"
6;1;3;001;01;00;"Sub cuentas del Aux";"Gastos de Administracion  Sueldos de Empleados"
6;1;3;001;02;00;"Sub cuentas del Aux";"Gastos de Administracion  Provisionamiento 13avo"
6;1;3;001;03;00;"Sub cuentas del Aux";"Gastos de Administracion  Provisionamiento 14avo"
6;1;3;001;04;00;"Sub cuentas del Aux";"Gastos de Administracion  Seguro Social"
6;1;3;001;05;00;"Sub cuentas del Aux";"Gastos de Administracion  Decimo Tercer"
6;1;3;001;06;00;"Sub cuentas del Aux";"Gastos de Administracion  Decimo Cuarto"
6;1;3;001;07;00;"Sub cuentas del Aux";"Gastos de Administracion  Alquiler del Local Oficinas"
6;1;3;001;08;00;"Sub cuentas del Aux";"Gastos de Administracion  Energia electrica"
6;1;3;001;09;00;"Sub cuentas del Aux";"Gastos de Administracion  Agua"
6;1;3;001;10;00;"Sub cuentas del Aux";"Gastos de Administracion  Plan de Telefono"
6;1;3;001;11;00;"Sub cuentas del Aux";"Gastos de Administracion  Combustibles y Lubricantes"
6;1;3;001;12;00;"Sub cuentas del Aux";"Gastos de Administracion  Reparacion de Mobiliario y equipo"
6;1;3;001;13;00;"Sub cuentas del Aux";"Gastos de Administracion  Consumo de Papeleria"
6;1;3;001;14;00;"Sub cuentas del Aux";"Gastos de Administracion  Mantenimiento de Moviliario y Equipo "
6;1;3;002;00;00;Auxiliar;"Gastos de Administracion MOTOREPUESTOS TODO EN UNO"
6;1;3;002;01;00;"Sub cuentas del Aux";"Gastos de Administracion  Sueldos de Empleados"
6;1;3;002;02;00;"Sub cuentas del Aux";"Gastos de Administracion  Provisionamiento 13avo"
6;1;3;002;03;00;"Sub cuentas del Aux";"Gastos de Administracion  Provisionamiento 14avo"
6;1;3;002;04;00;"Sub cuentas del Aux";"Gastos de Administracion  Seguro Social"
6;1;3;002;05;00;"Sub cuentas del Aux";"Gastos de Administracion  Decimo Tercer"
6;1;3;002;06;00;"Sub cuentas del Aux";"Gastos de Administracion  Decimo Cuarto"
6;1;3;002;07;00;"Sub cuentas del Aux";"Gastos de Administracion  Alquiler del Local Oficinas"
6;1;3;002;08;00;"Sub cuentas del Aux";"Gastos de Administracion  Energia electrica"
6;1;3;002;09;00;"Sub cuentas del Aux";"Gastos de Administracion  Agua"
6;1;3;002;10;00;"Sub cuentas del Aux";"Gastos de Administracion  Plan de Telefono"
6;1;3;002;11;00;"Sub cuentas del Aux";"Gastos de Administracion  Combustibles y Lubricantes"
6;1;3;002;12;00;"Sub cuentas del Aux";"Gastos de Administracion  Reparacion de Mobiliario y equipo"
6;1;3;002;13;00;"Sub cuentas del Aux";"Gastos de Administracion  Consumo de Papeleria"
6;1;3;002;14;00;"Sub cuentas del Aux";"Gastos de Administracion  Mantenimiento de Moviliario y Equipo "
6;1;3;003;00;00;Auxiliar;"Gastos de Administracion KM CARS"
6;1;3;003;01;00;"Sub cuentas del Aux";"Gastos de Administracion  Sueldos de Empleados"
6;1;3;003;02;00;"Sub cuentas del Aux";"Gastos de Administracion  Provisionamiento 13avo"
6;1;3;003;03;00;"Sub cuentas del Aux";"Gastos de Administracion  Provisionamiento 14avo"
6;1;3;003;04;00;"Sub cuentas del Aux";"Gastos de Administracion  Seguro Social"
6;1;3;003;05;00;"Sub cuentas del Aux";"Gastos de Administracion  Decimo Tercer"
6;1;3;003;06;00;"Sub cuentas del Aux";"Gastos de Administracion  Decimo Cuarto"
6;1;3;003;07;00;"Sub cuentas del Aux";"Gastos de Administracion  Alquiler del Local Oficinas"
6;1;3;003;08;00;"Sub cuentas del Aux";"Gastos de Administracion  Energia electrica"
6;1;3;003;09;00;"Sub cuentas del Aux";"Gastos de Administracion  Agua"
6;1;3;003;10;00;"Sub cuentas del Aux";"Gastos de Administracion  Plan de Telefono"
6;1;3;003;11;00;"Sub cuentas del Aux";"Gastos de Administracion  Combustibles y Lubricantes"
6;1;3;003;12;00;"Sub cuentas del Aux";"Gastos de Administracion  Reparacion de Mobiliario y equipo"
6;1;3;003;13;00;"Sub cuentas del Aux";"Gastos de Administracion  Consumo de Papeleria"
6;1;3;003;14;00;"Sub cuentas del Aux";"Gastos de Administracion  Mantenimiento de Moviliario y Equipo "
6;1;3;000;00;00;"Cuenta Mayor";"Gastos de Operaciones"
6;1;3;001;00;00;Auxiliar;"Gastos de Operaciones KM motos"
6;1;3;001;01;00;"Sub cuentas del Aux";"Gastos de Operaciones  Sueldos de Empleados"
6;1;3;001;02;00;"Sub cuentas del Aux";"Gastos de Operaciones  Provisionamiento 13avo"
6;1;3;001;03;00;"Sub cuentas del Aux";"Gastos de Operaciones  Provisionamiento 14avo"
6;1;3;001;04;00;"Sub cuentas del Aux";"Gastos de Operaciones  Seguro Social"
6;1;3;001;05;00;"Sub cuentas del Aux";"Gastos de Operaciones  Decimo Tercer"
6;1;3;001;06;00;"Sub cuentas del Aux";"Gastos de Operaciones  Decimo Cuarto"
6;1;3;001;07;00;"Sub cuentas del Aux";"Gastos de Operaciones  Alquiler del Local Oficinas"
6;1;3;001;08;00;"Sub cuentas del Aux";"Gastos de Operaciones  Energia electrica"
6;1;3;001;09;00;"Sub cuentas del Aux";"Gastos de Operaciones  Agua"
6;1;3;001;10;00;"Sub cuentas del Aux";"Gastos de Operaciones  Plan de Telefono"
6;1;3;001;11;00;"Sub cuentas del Aux";"Gastos de Operaciones  Combustibles y Lubricantes"
6;1;3;001;12;00;"Sub cuentas del Aux";"Gastos de Operaciones  Reparacion de Mobiliario y equipo"
6;1;3;001;13;00;"Sub cuentas del Aux";"Gastos de Operaciones  Consumo de Papeleria"
6;1;3;001;14;00;"Sub cuentas del Aux";"Gastos de Operaciones  Mantenimiento de Moviliario y Equipo "
6;1;3;002;00;00;Auxiliar;"Gastos de Operaciones MOTOREPUESTOS TODO EN UNO"
6;1;3;002;01;00;"Sub cuentas del Aux";"Gastos de Operaciones  Sueldos de Empleados"
6;1;3;002;02;00;"Sub cuentas del Aux";"Gastos de Operaciones  Provisionamiento 13avo"
6;1;3;002;03;00;"Sub cuentas del Aux";"Gastos de Operaciones  Provisionamiento 14avo"
6;1;3;002;04;00;"Sub cuentas del Aux";"Gastos de Operaciones  Seguro Social"
6;1;3;002;05;00;"Sub cuentas del Aux";"Gastos de Operaciones  Decimo Tercer"
6;1;3;002;06;00;"Sub cuentas del Aux";"Gastos de Operaciones  Decimo Cuarto"
6;1;3;002;07;00;"Sub cuentas del Aux";"Gastos de Operaciones  Alquiler del Local Oficinas"
6;1;3;002;08;00;"Sub cuentas del Aux";"Gastos de Operaciones  Energia electrica"
6;1;3;002;09;00;"Sub cuentas del Aux";"Gastos de Operaciones  Agua"
6;1;3;002;10;00;"Sub cuentas del Aux";"Gastos de Operaciones  Plan de Telefono"
6;1;3;002;11;00;"Sub cuentas del Aux";"Gastos de Operaciones  Combustibles y Lubricantes"
6;1;3;002;12;00;"Sub cuentas del Aux";"Gastos de Operaciones  Reparacion de Mobiliario y equipo"
6;1;3;002;13;00;"Sub cuentas del Aux";"Gastos de Operaciones  Consumo de Papeleria"
6;1;3;002;14;00;"Sub cuentas del Aux";"Gastos de Operaciones  Mantenimiento de Moviliario y Equipo "
6;1;3;003;00;00;Auxiliar;"Gastos de Operaciones KM CARS"
6;1;3;003;01;00;"Sub cuentas del Aux";"Gastos de Operaciones  Sueldos de Empleados"
6;1;3;003;02;00;"Sub cuentas del Aux";"Gastos de Operaciones  Provisionamiento 13avo"
6;1;3;003;03;00;"Sub cuentas del Aux";"Gastos de Operaciones  Provisionamiento 14avo"
6;1;3;003;04;00;"Sub cuentas del Aux";"Gastos de Operaciones  Seguro Social"
6;1;3;003;05;00;"Sub cuentas del Aux";"Gastos de Operaciones  Decimo Tercer"
6;1;3;003;06;00;"Sub cuentas del Aux";"Gastos de Operaciones  Decimo Cuarto"
6;1;3;003;07;00;"Sub cuentas del Aux";"Gastos de Operaciones  Alquiler del Local Oficinas"
6;1;3;003;08;00;"Sub cuentas del Aux";"Gastos de Operaciones  Energia electrica"
6;1;3;003;09;00;"Sub cuentas del Aux";"Gastos de Operaciones  Agua"
6;1;3;003;10;00;"Sub cuentas del Aux";"Gastos de Operaciones  Plan de Telefono"
6;1;3;003;11;00;"Sub cuentas del Aux";"Gastos de Operaciones  Combustibles y Lubricantes"
6;1;3;003;12;00;"Sub cuentas del Aux";"Gastos de Operaciones  Reparacion de Mobiliario y equipo"
6;1;3;003;13;00;"Sub cuentas del Aux";"Gastos de Operaciones  Consumo de Papeleria"
6;1;3;003;14;00;"Sub cuentas del Aux";"Gastos de Operaciones  Mantenimiento de Moviliario y Equipo "
6;1;4;000;00;00;"Cuenta Mayor";"Gastos Personales"
6;1;4;001;00;00;Auxiliar;"Gastos Personales"
6;1;5;000;00;00;"Cuenta Mayor";"Gastos Financieros"
6;1;5;001;00;00;Auxiliar;"Intereses pagados ya devengados"
6;1;5;002;00;00;Auxiliar;"Comisiones Pagadas a los Bancos"
6;1;5;003;00;00;Auxiliar;"Descto por pronto pago Concedido a Clientes"
6;1;5;004;00;00;Auxiliar;"Tasa de Seguridad"
6;1;6;000;00;00;"Cuenta Mayor";"Productos Financieros"
6;1;6;001;00;00;Auxiliar;"Intereses Cobrados ya devengados"
6;1;6;002;00;00;Auxiliar;"Descto por pronto pago de prov. Y Acreedores"
6;1;7;000;00;00;"Cuenta Mayor";"Otros Gastos"
6;1;7;001;00;00;Auxiliar;Donaciones
6;1;7;002;00;00;Auxiliar;"Perdida en ventas de Activo Fijo"
6;1;7;003;00;00;Auxiliar;"Faltante de Caja chica"
6;1;7;004;00;00;Auxiliar;Faltante
6;1;8;000;00;00;"Cuenta Mayor";"Otros Productos"
6;1;8;001;00;00;Auxiliar;"Utilidad en ventas de Activo Fijo"
6;1;8;002;00;00;Auxiliar;"Sobrante de Caja chica"
6;1;8;003;00;00;Auxiliar;Sobrante
6;1;9;000;00;00;"Cuenta Mayor";"Impuesto Sobre la Renta a Pagar"
6;1;9;001;00;00;Auxiliar;"Impuesto Sobre la Renta a Pagar"
